Image Name,Old Primary,Old Secondary,New Primary,New Secondary,Change Type,Reason,Text Snippet
ethnayn3_0001.jpeg,Remembering Desires,None,Remembering Leisure,None,PRIMARY-FLIP,ma El-Shark in Sayyida Zeinab Culture/Music — landmark performance event; features a Coca-Cola ad.,Um Kulthum at the Opening of Cinema El-Shark in Sayyida Zeinab Culture/Music — landmark performance event; features a Coca-Cola ad.
ethnayn3_0002.jpeg,Remembering Desires,None,Remembering Desires,None,UNCHANGED,Bamco Stores Advertising/Materials — new collection of tiles from Bamco (Balmod) starting Mon,"Bamco Stores Advertising/Materials — new collection of tiles from Bamco (Balmod) starting Monday Sept 27; references Ward El-Nil (""Good, cheap, and elegant"")."
ethnayn3_0003.jpeg,Remembering Street,None,Remembering Street,None,UNCHANGED,"""Prof. Fawzy Al-Mawa'i in Palestine"" — full-page war-correspondent feature/photo essay: (top-left) large p","""Prof. Fawzy Al-Mawa'i in Palestine"" — full-page war-correspondent feature/photo essay: (top-left) large photo of a fighter in keffiyeh with rifle and a bareheaded man leading a horse; (top-middle) group of Arab fighters in cold-weather uniforms crouching around a campfire in a rocky field; (top-rig"
ethnayn3_0004.jpeg,Remembering Desires,None,Remembering Desires,None,UNCHANGED,"Tragedy from the Core of Life Commerce/Cinema — Hassan Mansour (Awasef) ad; Opera Casino screening of ""Leila i","Best Guarantee for Eid Clothes / A Tragedy from the Core of Life Commerce/Cinema — Hassan Mansour (Awasef) ad; Opera Casino screening of ""Leila in the Jungle"" starring Fatima Rushdi on Wed Aug 28."
ethnayn3_0005.jpeg,Remembering Desires,None,Remembering Leisure,Remembering People,PRIMARY+SECONDARY,"The Tallest Hollywood Stars Cinema/International — profile/trivia about American actors (""swept and washed w","The Tallest Hollywood Stars Cinema/International — profile/trivia about American actors (""swept and washed with her own hands"")."
ethnayn3_0006.jpeg,Remembering People,None,Remembering Leisure,Remembering People,PRIMARY+SECONDARY," Darwish, the Inspired Genius Music/Biography — retrospective on the master composer.","Sayed Darwish, the Inspired Genius Music/Biography — retrospective on the master composer."
ethnayn3_0007.jpeg,Remembering Desires,None,Remembering Desires,None,UNCHANGED,"ade for the other""); mentions Gillette machines and blades.","Mail of Hearts / Open Wounds Social/Tech — relationship column (""each made for the other""); mentions Gillette machines and blades."
ethnayn3_0008.jpeg,Remembering Desires,Remembering People,Remembering Desires,None,SECONDARY-ONLY,Wonders for Entertainment Trivia/Miscellany — curious factoids intended to defy common sense.,Wonders for Entertainment Trivia/Miscellany — curious factoids intended to defy common sense.
ethnayn3_0009.jpeg,Remembering Leisure,None,Remembering Leisure,None,UNCHANGED,"Heaven and Hell Cinema/Drama — Naeema Akef, Abdel Aziz Mahmoud, and Hussein Riad film promotion.","Heaven and Hell Cinema/Drama — Naeema Akef, Abdel Aziz Mahmoud, and Hussein Riad film promotion."
ethnayn3_0011.jpeg,Remembering Leisure,Remembering People,Remembering Leisure,None,SECONDARY-ONLY,Nefertiti on the Beach Culture/Fashion — visual essay comparing historical aesthetic tropes with modern,Nefertiti on the Beach Culture/Fashion — visual essay comparing historical aesthetic tropes with modern beachwear.
ethnayn3_0015.jpeg,Remembering People,Remembering Desires,Remembering Desires,None,PRIMARY-FLIP,High Heels Fashion/Critique — sociological observation of modern female footwear habits.,High Heels Fashion/Critique — sociological observation of modern female footwear habits.
ethnayn3_0016.jpeg,Remembering Desires,None,Remembering Desires,None,UNCHANGED,"nal campaign; features Tamara soap ad (""Rich with soft lather"").","Why Hollywood Cigarettes are the Most Popular in Egypt Advertising — promotional campaign; features Tamara soap ad (""Rich with soft lather"")."
ethnayn3_0018.jpeg,Remembering Desires,None,Remembering Desires,None,UNCHANGED,"DDT Formulations Have Arrived Advertising/Tech — insecticide ad campaign; Tamara soap (""Radiant Beauty"") and R","Aerocil Bombs and DDT Formulations Have Arrived Advertising/Tech — insecticide ad campaign; Tamara soap (""Radiant Beauty"") and Radio Hollywood / Swan Down ads."
ethnayn3_0020.jpeg,Remembering Desires,None,Remembering Leisure,None,PRIMARY-FLIP,"The Feast Which... Entertainment/Tech — Radio Sira, Radio Hollywood, and Colinos economy dental cen","The Feast Which... Entertainment/Tech — Radio Sira, Radio Hollywood, and Colinos economy dental center ads."
ethnayn3_0021.jpeg,Remembering Leisure,None,Remembering Leisure,None,UNCHANGED,Nightclubs Social/Critique — investigative look into Cairo nightlife; note on re,Nightclubs Social/Critique — investigative look into Cairo nightlife; note on relatives in America.
ethnayn3_0024.jpeg,Remembering Desires,None,Remembering Leisure,None,PRIMARY-FLIP,"After the Match Sports/Advertising — post-game reporting; ad for genuine Tamar soap (""Border Bra","After the Match Sports/Advertising — post-game reporting; ad for genuine Tamar soap (""Border Brand"") for skin health."
ethnayn3_0025.jpeg,Remembering Desires,Remembering Leisure,Remembering Leisure,None,PRIMARY-FLIP,"Concert Cinema Sermons: Duty Cinema/Review — performance review featuring Seraj Mounir, Emad Hamdy, Mona Foua","Concert Cinema Sermons: Duty Cinema/Review — performance review featuring Seraj Mounir, Emad Hamdy, Mona Fouad, and Mohamed Mohamed Al-Lawn; Egyptian Troupe Alexandria feature."
ethnayn3_0027.jpeg,Remembering Desires,None,Remembering Desires,None,UNCHANGED, New Secret for Facial Beauty Advertising/Literacy — Lacto-Calamine cosmetic ad; notice of new publications at,A New Secret for Facial Beauty Advertising/Literacy — Lacto-Calamine cosmetic ad; notice of new publications at the Sabki House library.
ethnayn3_0028.jpeg,Remembering People,None,Remembering Leisure,None,PRIMARY-FLIP,trange Marriages in Hollywood Cinema/Celebrity — gossip column detailing high-profile American divorces and un,Strange Marriages in Hollywood Cinema/Celebrity — gossip column detailing high-profile American divorces and unions.
ethnayn3_0032.jpeg,Remembering Leisure,None,Remembering Leisure,None,UNCHANGED,Perpetual Entertainment Theater/Review — review of theatrical figures; mentions Al-Saudi Al-Ibari.,Perpetual Entertainment Theater/Review — review of theatrical figures; mentions Al-Saudi Al-Ibari.
ethnayn3_0033.jpeg,Remembering Desires,Remembering People,Remembering Desires,None,SECONDARY-ONLY,The Mark of Beauty Advertising/Cosmetics — Max Factor Hollywood commercial stamp ad.,The Mark of Beauty Advertising/Cosmetics — Max Factor Hollywood commercial stamp ad.
ethnayn3_0034.jpeg,Remembering Desires,None,Remembering Street,None,PRIMARY-FLIP,Investigation with the Minister of Awqaf Politics/News — Eid al-Adha clearance sale (Aug 25) with 20-50,Investigation with the Minister of Awqaf Politics/News — Eid al-Adha clearance sale (Aug 25) with 20-50% cuts across 500 items at Chalon Stores; interrogation report on Ministry funds.
ethnayn3_0035.jpeg,Remembering Desires,None,Remembering Leisure,Remembering Desires,PRIMARY+SECONDARY,Asfour Effendi Entertainment/Ad — satirical profiling; includes Belmonex cough syrup commercial,Asfour Effendi Entertainment/Ad — satirical profiling; includes Belmonex cough syrup commercial.
ethnayn3_0041.jpeg,Remembering Desires,None,Remembering People,None,PRIMARY-FLIP,"Leila, Who Was Killed by Love Fiction/Romantic — melodramatic literary insertion or sho","Leila, Who Was Killed by Love Fiction/Romantic — melodramatic literary insertion or short story."
ethnayn3_0042.jpeg,Remembering Desires,None,Remembering Desires,None,UNCHANGED,y on the Pharmacists / Akaoui Commerce/Labor — labor advocacy for medical workers; advertisement for Akaoui Je,Have Pity on the Pharmacists / Akaoui Commerce/Labor — labor advocacy for medical workers; advertisement for Akaoui Jewelry.
ethnayn3_0044.jpeg,Remembering Street,None,Remembering Street,None,UNCHANGED,"ayn: Issue 729 (May 21, 1948) Military/Nationalism — commemoration issue titled ""The Day of Our Soldiers and t","Al-Ithnayn: Issue 729 (May 21, 1948) Military/Nationalism — commemoration issue titled ""The Day of Our Soldiers and the Day of Rebirth for Our Glory""; includes promotional metrics from June 1948."
ethnayn3_0045.jpeg,Remembering Desires,None,Remembering Leisure,None,PRIMARY-FLIP,aten Hamama Reads the Fortune Cinema/Occult — feature tracking the actress consulting a fortune teller/clairvo,Faten Hamama Reads the Fortune Cinema/Occult — feature tracking the actress consulting a fortune teller/clairvoyant.
ethnayn3_0047.jpeg,Remembering Desires,None,Remembering Desires,None,UNCHANGED,Eid Inspiration: Coty Commerce/Advertising — Coty cosmetics ad focusing on vibrant natural color palet,Eid Inspiration: Coty Commerce/Advertising — Coty cosmetics ad focusing on vibrant natural color palettes; quote from a local perfumer/apothecary regarding raw materials.
ethnayn3_0050.jpeg,Remembering Leisure,None,Remembering Leisure,None,UNCHANGED,ate the Wafaa el-Nil Festival Culture/History — compilation covering dynamic artistic gatherings during the an,Artists Celebrate the Wafaa el-Nil Festival Culture/History — compilation covering dynamic artistic gatherings during the annual Nile flood celebration.
ethnayn3_0053.jpeg,Remembering Desires,None,Remembering Desires,None,UNCHANGED,El-Gamel Jewelry / The Great Mistake Advertising/Cinema — Egyptian jewelry company ad; da,"El-Gamel Jewelry / The Great Mistake Advertising/Cinema — Egyptian jewelry company ad; daily screening of ""The Great Mistake"" at Cinema Studio Misr."
ethnayn3_0054.jpeg,Remembering Street,None,Remembering Street,None,UNCHANGED,eturned Safely to Their Bases Military/News — military/aviation report statement.,All Our Aircraft Returned Safely to Their Bases Military/News — military/aviation report statement.
ethnayn3_0056.jpeg,Remembering Desires,Remembering People,Remembering Leisure,None,PRIMARY-FLIP,a Yousri / The Unknown Future Cinema/Sensational — Cinema Studio Misr screening feature/announcement.,Suicide of Madiha Yousri / The Unknown Future Cinema/Sensational — Cinema Studio Misr screening feature/announcement.
ethnayn3_0057.jpeg,Remembering Desires,None,Remembering Desires,None,UNCHANGED,"The Latest in German Industry Advertising/Tech — ad for ""Gretz"" radio (electric and battery operated).","The Latest in German Industry Advertising/Tech — ad for ""Gretz"" radio (electric and battery operated)."
ethnayn3_0060.jpeg,Remembering Desires,None,Remembering Desires,None,UNCHANGED,Ramadan Says / Nabulsi Farouk Advertising/Soap — Nabulsi Farouk soap ad; mentions refreshing your skin during ,Prince Ramadan Says / Nabulsi Farouk Advertising/Soap — Nabulsi Farouk soap ad; mentions refreshing your skin during fasting/bathing.
ethnayn3_0062.jpeg,Remembering Street,None,Remembering Street,None,UNCHANGED,Corruption Politics/Critique — analytical or critical piece on institutional corruption.,Corruption Politics/Critique — analytical or critical piece on institutional corruption.
ethnayn3_0063.jpeg,Remembering People,Remembering Desires,Remembering People,None,SECONDARY-ONLY,al/Marriage — relationship or biographical feature.,Who He Chose as a Wife Social/Marriage — relationship or biographical feature.
ethnayn3_0066.jpeg,Remembering Desires,None,Remembering Leisure,None,PRIMARY-FLIP,f Monday / Princess of Dreams Cinema/Music — starring Nour El-Hoda.,"Nadia, Secret of Monday / Princess of Dreams Cinema/Music — starring Nour El-Hoda."
ethnayn3_0067.jpeg,Remembering People,None,Remembering Street,None,PRIMARY-FLIP,The Mufti of Palestine Disappears Seven Times Politics/Regional — article written by Habib Ja,The Mufti of Palestine Disappears Seven Times Politics/Regional — article written by Habib Jamati.
ethnayn3_0070.jpeg,Remembering Street,None,Remembering Street,Remembering People,SECONDARY-ONLY,I Am Those Military/Profile — biography/interview with a military commander.,I Am Those Military/Profile — biography/interview with a military commander.
ethnayn3_0071.jpeg,Remembering Street,None,Remembering Street,None,UNCHANGED,The Battle of Jerusalem History/Conflict — geopolitical or historical combat log analysis.,The Battle of Jerusalem History/Conflict — geopolitical or historical combat log analysis.
ethnayn3_0072.jpeg,Remembering Desires,None,Remembering Leisure,None,PRIMARY-FLIP, in Ras El Bar Travel/Essay — leisure/travelogue by Zaki Tleimat.,Days in Ras El Bar Travel/Essay — leisure/travelogue by Zaki Tleimat.
ethnayn3_0073.jpeg,Remembering Desires,None,Remembering Desires,None,UNCHANGED,New Beauty for Your Hair Advertising/Cosmetics — hair product commercial ad.,New Beauty for Your Hair Advertising/Cosmetics — hair product commercial ad.
ethnayn3_0075.jpeg,Remembering Desires,None,Remembering Desires,None,UNCHANGED,Renaissance / Read El-Dostour Commerce/Fashion — ad for Naturel shoes; mentions Ibrahim Pasha and Holidays.,Major Health Renaissance / Read El-Dostour Commerce/Fashion — ad for Naturel shoes; mentions Ibrahim Pasha and Holidays.
ethnayn3_0076.jpeg,Remembering Desires,None,Remembering Leisure,None,PRIMARY-FLIP,Laugh with Car Owners Humor/Lifestyle — satirical or humorous compilation regarding motorists.,Laugh with Car Owners Humor/Lifestyle — satirical or humorous compilation regarding motorists.
ethnayn3_0077.jpeg,Remembering Street,None,Remembering Street,None,UNCHANGED,Before Departing for the Battlefield Military/Photojournalism — pre-deployment documentation/letters.,Before Departing for the Battlefield Military/Photojournalism — pre-deployment documentation/letters.
ethnayn3_0080.jpeg,Remembering People,None,Remembering Street,None,PRIMARY-FLIP,My Commander as I Knew Him Military/Profile — personal account profiling a senior military leader.,My Commander as I Knew Him Military/Profile — personal account profiling a senior military leader.
ethnayn3_0082.jpeg,Remembering People,None,Remembering Leisure,None,PRIMARY-FLIP,"In My Heart, Real Culture/Education — mention of the Urabi Institute for Music.","In My Heart, Real Culture/Education — mention of the Urabi Institute for Music."
ethnayn3_0083.jpeg,Remembering Desires,None,Remembering Desires,None,UNCHANGED,"ising — advice column; Tamara soap ad (""Rich with soft lather"").","Q&A / Tamara Soap Interactive/Advertising — advice column; Tamara soap ad (""Rich with soft lather"")."
ethnayn3_0084.jpeg,Remembering People,None,Remembering Leisure,None,PRIMARY-FLIP,Our Holidays Culture/Religion — seasonal cultural/religious event coverage.,Our Holidays Culture/Religion — seasonal cultural/religious event coverage.
ethnayn3_0085.jpeg,Remembering Desires,Remembering People,Remembering Desires,None,SECONDARY-ONLY,"! / But In 1948…"" — full-page fashion/economics feature satirizing the rising cost of a proper wardrobe due to","""In 1939, Six Pounds Were Enough for a Man to Be Elegant! / But In 1948…"" — full-page fashion/economics feature satirizing the rising cost of a proper wardrobe due to inflation: (top-left) photo of a well-dressed young effendi in full three-piece dark suit and tarbouche; (top-right) two side-by-side"
ethnayn3_0089.jpeg,Remembering Desires,None,Remembering Desires,None,UNCHANGED,Eyes Social/Critique — modern lifestyle/behavioral commentary.,Kisses in Front of Husbands' Eyes Social/Critique — modern lifestyle/behavioral commentary.
ethnayn3_0091.jpeg,Remembering Desires,None,Remembering Desires,None,UNCHANGED, Egyptian Government Railways Commerce/Advertising — Coca-Cola ad; Egyptian state rail schedule announcement f,"Refreshing Coca-Cola / Egyptian Government Railways Commerce/Advertising — Coca-Cola ad; Egyptian state rail schedule announcement for the ""Sea Train""."
ethnayn3_0092.jpeg,Remembering People,None,Remembering People,None,UNCHANGED,Alex Smith Profile/International — feature on a foreign figure or localized event.,Alex Smith Profile/International — feature on a foreign figure or localized event.
ethnayn3_0094.jpeg,Remembering Desires,None,Remembering Street,None,PRIMARY-FLIP,Victory of the Valiant Army over Corruption Politics/Commercial — institutional anti-corruption trackin,Victory of the Valiant Army over Corruption Politics/Commercial — institutional anti-corruption tracking; features Radio Crystal ad.
ethnayn3_0095.jpeg,Remembering Desires,Remembering Leisure,Remembering Street,Remembering Leisure,PRIMARY+SECONDARY,"lated into Arabic) by Eleanor Roosevelt (""al-Banoo Roosevelt"") on women's coping strategies in wartime — a lig","""How Do You Hide, My Lady?"" — women's-column feature (translated into Arabic) by Eleanor Roosevelt (""al-Banoo Roosevelt"") on women's coping strategies in wartime — a light philosophical essay about resilience and grace under pressure / [Left column film ad] ""Shamshoon wa Al-Jabbar"" (Samson and the M"
ethnayn3_0096.jpeg,Remembering People,None,Remembering Leisure,None,PRIMARY-FLIP,New Faces Cinema/Theater — profiles of emerging artistic talent.,New Faces Cinema/Theater — profiles of emerging artistic talent.
ethnayn3_0099.jpeg,Remembering Desires,None,Remembering Leisure,None,PRIMARY-FLIP,The Envious Eye Gets a Stick Culture/Folklore — traditional proverb commentary written by Zaki Tleimat.,The Envious Eye Gets a Stick Culture/Folklore — traditional proverb commentary written by Zaki Tleimat.
ethnayn3_0102.jpeg,Remembering Desires,None,Remembering People,None,PRIMARY-FLIP,"zvous!"" — feature/short story reminiscing about Naguib El-Rihani (the great Egyptian comedic actor-playwright)","""A Romantic Rendezvous!"" — feature/short story reminiscing about Naguib El-Rihani (the great Egyptian comedic actor-playwright); ink illustration and portrait / [Left column ads] Al-Shabab magazine subscription — ""Politics, Society, Sports, Exploration, Literature"" with muscular male silhouette; Bri"
ethnayn3_0103.jpeg,Remembering People,None,Remembering Leisure,None,PRIMARY-FLIP,"ith Joan Leslie!"" — full-page Hollywood-gossip feature: large photo of American actress Joan Leslie smiling, h","""I Have a Date… with Joan Leslie!"" — full-page Hollywood-gossip feature: large photo of American actress Joan Leslie smiling, hand at cheek, wearing a black polka-dot blouse; article describes her habits, favourite outings, and her fiance — the perfect Hollywood-lady-next-door portrait"
ethnayn3_0106.jpeg,Remembering People,None,Remembering People,Remembering Desires,SECONDARY-ONLY,Front cover full-color glamour portrait of Hollywood actress Frances Gifford in ,"Front cover full-color glamour portrait of Hollywood actress Frances Gifford in an ivory silk blouse looking coquettishly over her bare shoulder with bright lipstick and pearl earrings; magazine issue no. 746, Al-Ithnayn wa Al-Dunya, dated 27 September 1948; the yellow-red banner promises ""October 1"
ethnayn3_0107.jpeg,Remembering Desires,Remembering People,Remembering Desires,None,SECONDARY-ONLY,"n / [Left column ads] Kolynos Dental Cream: ""Clean your teeth with generous-lather Kolynos toothpaste""; Tamara","""Hollywood Al-Kawakib Misr"" (Egyptian Star Hollywood) column: photo of a female singer at the microphone singing a new hit for the elite; text on the new Egyptian musical productions of the season / [Left column ads] Kolynos Dental Cream: ""Clean your teeth with generous-lather Kolynos toothpaste""; T"
ethnayn3_0112.jpeg,Remembering People,None,Remembering People,Remembering Desires,SECONDARY-ONLY,international-affairs column: full-page glamour portrait of a Hollywood actress in fur-collared coat with brac,"""World News"" — Hollywood-and-international-affairs column: full-page glamour portrait of a Hollywood actress in fur-collared coat with bracelet-cuffs; column below reports on Rashid, Adele, Shaw Ivanov (a Russian actor), Arthur Youma, and Miley Cyprus among other stars; anecdotes about wartime Ameri"
ethnayn3_0113.jpeg,Remembering Desires,None,Remembering Desires,None,UNCHANGED,"appy man / [Right column ads] BRYLCREEM: ""The Best Treatment for the Trouble of the Hair"" — with man-with-slic","""The Happy Man!"" — full-page short story: illustration of a sultan on his throne being lectured by his ministers, with sample of the story's key exchange in a wisdom-and-wits parable; text is a folk-tale of a sultan seeking the happy man / [Right column ads] BRYLCREEM: ""The Best Treatment for the Tr"
ethnayn3_0116.jpeg,Remembering Leisure,None,Remembering Leisure,None,UNCHANGED,"on a full page / [Left column film ad] ""Al-Rooh wa Al-Jasad"" (The Spirit and the Body) — new Egyptian film sta","""Al-Rad Khaless"" (The Return Answer) — short story on a full page / [Left column film ad] ""Al-Rooh wa Al-Jasad"" (The Spirit and the Body) — new Egyptian film starring Muhammad Fawzy, Shadia, Abdel Fatah Al-Qasri, Fouad Shafik, Kamal El-Shinnawy, Kholoud Wafiqa; directed by Ahmed Badrakhan; premierin"
ethnayn3_0120.jpeg,Remembering Desires,None,Remembering Desires,None,UNCHANGED,"iption for the summer; Tangee lipstick — ""With Pomegranate Wax"" — with woman-in-hat illustration; Esterbrook f","""Bareed Al-Qurra"" (Reader Mail) — advice/opinion column responding to reader questions on politics, marriage, and lifestyle / [Right column ads] Bulaxen laxative; Al-Shabab Al-Sha'ita — teenager magazine subscription for the summer; Tangee lipstick — ""With Pomegranate Wax"" — with woman-in-hat illust"
ethnayn3_0124.jpeg,Remembering Desires,None,Remembering Desires,None,UNCHANGED,"MANUAL: Pure ad-cluster page: chewing gum, beer, radio, cinema","[Right column ads] Bonomint chewing gum with box illustration; STELLA beer; ""Amn"" Radio: ""Biggest World Radio Selection"" — with woman-and-radio drawing; Sinama Josie Palace / [Right column bottom] ""Beautiful Skin — Golden Beauty Skin Cream"" beauty ad with woman's portrait / [Left column] Serial poem"
ethnayn3_0125.jpeg,Remembering People,None,Remembering People,Remembering Desires,SECONDARY-ONLY,Front cover full-color portrait of Hollywood actress Susan Hayward in a floral-w,"Front cover full-color portrait of Hollywood actress Susan Hayward in a floral-white daisy embroidered gown, glancing over her shoulder; the background is a checkered wallpaper pattern of blue and red cat-face silhouettes (playful whimsical theme); magazine issue no. 707, Al-Ithnayn wa Al-Dunya, dat"
ethnayn3_0127.jpeg,Remembering People,None,Remembering Leisure,None,PRIMARY-FLIP,"""April Before Zorro Oliver"" — Hollywood-gossip column: full-page feature with four small photos of American st","""April Before Zorro Oliver"" — Hollywood-gossip column: full-page feature with four small photos of American stars — Errol Flynn (top-left, with wife); Cheryl Campbell (Nora Eddy with husband); Cary Grant (with wife); Joan Blondell (with husband Dick Powell); article and gossip on the romances, break"
ethnayn3_0128.jpeg,Remembering Desires,None,Remembering Desires,None,UNCHANGED," column full-page ad] KOLYNOS toothpaste: ""In These Days… Economy First!"" — with a smiling man in tarbouche gi","[Left column full-page ad] KOLYNOS toothpaste: ""In These Days… Economy First!"" — with a smiling man in tarbouche giving thumbs-up beside a Kolynos toothpaste-box illustration; slogan: ""Cleans best, tastes best, lasts longest"" / [Right column] ""Al-Fuqara' fi Al-Qusoor"" (The Poor in the Palaces) — pol"
ethnayn3_0129.jpeg,Remembering Leisure,None,Remembering Leisure,None,UNCHANGED, inset photos of women in the beach/pool; text is a series of witty one-liners and ridiculous fatwa-like prono,"""Sheikh Abu Al-Ayoon"" — full double-page satirical feature on the Egyptian folk-figure Sheikh Abou Al-Ayoon (the humorless old sheikh): main color-drawing at bottom shows him as a caricatured turbaned figure surrounded by tiny female bathers frolicking around him; smaller inset photos of women in th"
ethnayn3_0131.jpeg,Remembering Desires,Remembering Street,Remembering Street,None,PRIMARY-FLIP,"cream and Estrobrook electric-cabinets ""For Every Home""","""Reader Mail"" — advice column responding to reader letters on topics like education, marriage, and travel; illustrated in the corner with a cartoon of a policeman and a servant on a Cairo street / [Right/Left column ads] Yeast-Vite tonic tablets ""For the Fatigue Weakness of the Nerves""; ""Lactose Kal"
ethnayn3_0132.jpeg,Remembering Street,Remembering Leisure,Remembering Leisure,Remembering Desires,PRIMARY+SECONDARY,MANUAL: Egyptian women's summer bicycling — lifestyle photo essay,"""Are They Still Watching You… This Summer Too?"" — feature/photo essay on Egyptian women's summer bicycling: (top) very large photograph of an elegantly dressed woman crouched behind a bicycle wheel with a flower in her hair, posed like a fashion editorial in a park; (bottom) two small photos of styl"
ethnayn3_0134.jpeg,Remembering People,None,Remembering Street,Remembering People,PRIMARY+SECONDARY,"y of the Week — The Worker"" — political-feature portrait of an Egyptian worker/politician: caricature line-dra","""Personality of the Week — The Worker"" — political-feature portrait of an Egyptian worker/politician: caricature line-drawing of the man in a tarbouche and jacket; column below on the Egyptian labor movement's political influence / ""Advice of History"" — historical-lesson column / ""Egypt First"" and """
ethnayn3_0136.jpeg,Remembering Desires,None,Remembering Desires,None,UNCHANGED,"That Cleans and Refreshes the Digestive System"" — with laughing girl holding glass illustration; Cachalet baby","""A Tour in the Homes of Our Distinguished Readers"" — feature: reader-submitted brief profiles of typical Egyptian homes / [Right column ads] WEX drink: ""The Healthy Refreshing Drink That Cleans and Refreshes the Digestive System"" — with laughing girl holding glass illustration; Cachalet baby cereal "
ethnayn3_0137.jpeg,Remembering Street,None,Remembering Street,Remembering People,SECONDARY-ONLY,"ems with global-focus (Sudan, Palestine, France, Britain) / [Center] ""Wonderful Gift — Portrait of His Majesty","""Kul Shay'"" (Everything) — full-page news-and-notes column: multiple short political-and-social items with global-focus (Sudan, Palestine, France, Britain) / [Center] ""Wonderful Gift — Portrait of His Majesty the King!"" — free portrait of King Farouk with subscription to ""Shabab Al-Jeel"" (Youth of t"
ethnayn3_0139.jpeg,Remembering Street,None,Remembering Leisure,Remembering Street,PRIMARY+SECONDARY,"""Coming Soon — Summer Issue for Cheering Up the Army"" — full-page advance ad for the special su","""Coming Soon — Summer Issue for Cheering Up the Army"" — full-page advance ad for the special summer edition: photo of Mrs. Lutfia Hanem Abdel Moneim (society lady in the white nurse uniform) attending to an elderly bearded man; smaller photo of a young Egyptian soldier in a helmet named 'Jindi Zafr "
ethnayn3_0140.jpeg,Remembering People,None,Remembering Leisure,Remembering People,PRIMARY+SECONDARY,"""The Beauty Battle"" — Hollywood-gossip feature and star-portraits page: large sepia glamour portrait o","""The Beauty Battle"" — Hollywood-gossip feature and star-portraits page: large sepia glamour portrait of a dark-haired star in white dress on gold background at left; strip of small portraits across top — Michelle Morgan (French star), Irene Dunne, Marilyn (young starlet), and Marilyn Monroe (later '"
ethnayn3_0141.jpeg,Remembering Leisure,None,Remembering Leisure,None,UNCHANGED,"son / [Right column full-page film ad] ""Al-Matbaa Al-Sagheera"" (The Little Printing Press) — new Egyptian film","""This Is Cairo!"" — feature/gossip column about the Cairo scene, especially the popular songs of the season / [Right column full-page film ad] ""Al-Matbaa Al-Sagheera"" (The Little Printing Press) — new Egyptian film starring Faten Hamama, Fouad Shafik, Lola Sadeq, Rushdi Abaza, Ezz El-Din Zulfiqar, Ab"
ethnayn3_0142.jpeg,Remembering Street,None,Remembering Street,None,UNCHANGED," Nations!"" — full double-page political essay by Prof. Hussein Mo'nis on the artificiality of colonial borders","""Borders of the Nations!"" — full double-page political essay by Prof. Hussein Mo'nis on the artificiality of colonial borders: full-color center illustration of a map of the Middle East with a giant globe-figure of a soldier lying across it, borders drawn as slashing red lines; text argues that Euro"
ethnayn3_0143.jpeg,Remembering Desires,None,Remembering Desires,None,UNCHANGED,"l / [Right column ad] ANDREWS Liver Salt: ""This Cold Drink Refreshes Your Body"" with model-woman holding glass","""Al-Usta Hasan Bey!"" (The Master Craftsman Hasan Bey!) — full-page short story about a village blacksmith's rise to political prominence in the era of Saad Zaghloul / [Right column ad] ANDREWS Liver Salt: ""This Cold Drink Refreshes Your Body"" with model-woman holding glass and Andrews jar illustrati"
ethnayn3_0144.jpeg,Remembering Desires,None,Remembering Desires,None,UNCHANGED,"STE: ""Have You Used Maclean's Toothpaste Today?"" — with woman's face illustration up-side-down and shows-the-w","""The Madman's Revenge"" — short story/pulpit story about a wronged neighbor / [Right column ad] MACLEAN'S TOOTH PASTE: ""Have You Used Maclean's Toothpaste Today?"" — with woman's face illustration up-side-down and shows-the-white-teeth slogan / [Bottom-right] ""Coupon for the Fourth Group for the 'Most"
ethnayn3_0145.jpeg,Remembering Desires,None,Remembering People,Remembering Leisure,PRIMARY+SECONDARY,MANUAL: Fiction short story: Queen Machiba adventure,"""Queen Machiba!"" — full-page short story adapted by Ja'far Yafarnia: large color drawing shows a soldier in a red-topped kepi/tarbouche cap with a young Latin-American beauty (red hibiscus in her hair, pink shawl) in the tropical jungle; the seductive Queen Machiba enchants a French Foreign Legionna"
ethnayn3_0147.jpeg,Remembering Leisure,None,Remembering Leisure,Remembering Street,SECONDARY-ONLY,"efore Their Trip to London"" — sports feature/photo essay: (top) group photo of five young Egyptian footballers","""With Egypt's Champions Before Their Trip to London"" — sports feature/photo essay: (top) group photo of five young Egyptian footballers with an Egyptian coach — the national team on their way to compete in the 1948 London Olympics; (middle) text lists all the champions selected for football, weightl"
ethnayn3_0148.jpeg,Remembering Leisure,None,Remembering Leisure,None,UNCHANGED,owned in the finale of a drag-cabaret act titled 'George Al-Malak',"""Man Like Women and Woman Like Men"" — full double-page gender-role photo essay: (top-left) man in domestic scene sewing; (top-right) female nurse tending a bloodied patient in a hospital ward; (bottom-left) sepia photo of a rugged elderly working-woman in headscarf and jacket; (bottom-middle-left) f"
ethnayn3_0149.jpeg,Remembering Desires,None,Remembering Desires,None,UNCHANGED," / [Left column ads] Andrew's Liver Salt: ""Al-Ma'zira!"" (Excuses) — with model-woman drinking; ""Internal Clean","""Diseases of the Commercial Shops!"" — humor essay: cartoons of a man decorating a shop window and a woman customer trying on a new dress; satire on the peculiar rituals of Cairo salesmen and their pushy sales tactics / [Left column ads] Andrew's Liver Salt: ""Al-Ma'zira!"" (Excuses) — with model-woman"
ethnayn3_0150.jpeg,Remembering People,None,Remembering Leisure,None,PRIMARY-FLIP,"""From There!"" — Hollywood-and-abroad gossip column: photograph on the right of Egyptian singer/c","""From There!"" — Hollywood-and-abroad gossip column: photograph on the right of Egyptian singer/composer Muhammad Fawzy and starlet Naguiba Carioca posed together in evening dress at a party; text on their new film 'Habib wa Wathan' (Lover and Nation) directed by Kamel El-Tilmisany, and about the new"
ethnayn3_0152.jpeg,Remembering Street,None,Remembering Street,None,UNCHANGED,"gyptian volunteers heading to Palestine, portraits of Egyptian and Iraqi military commanders on the frontier, ","""Kul Shay"" (Everything) — miscellaneous news page: feature on Egyptian volunteers heading to Palestine, portraits of Egyptian and Iraqi military commanders on the frontier, short news items from Cairo, Baghdad and Damascus about the ongoing Arab-Israeli war"
ethnayn3_0154.jpeg,Remembering People,None,Remembering People,Remembering Desires,SECONDARY-ONLY,"Full-page glamour portrait of Hollywood star Hedy Lamarr with caption ""requested","Full-page glamour portrait of Hollywood star Hedy Lamarr with caption ""requested divorce from her husband because he loved her too intensely!"" — bogus-tabloid celebrity coverage of the actress's turbulent marriages"
ethnayn3_0155.jpeg,Remembering Leisure,None,Remembering Leisure,None,UNCHANGED,y from an American ice-show / roller-skate revue: three action shots of a Ginger-Rogers-style star performing ,"""Dancing on Ice"" — photo essay from an American ice-show / roller-skate revue: three action shots of a Ginger-Rogers-style star performing acrobatic jumps, back-bends and spins on skates"
ethnayn3_0156.jpeg,Remembering Desires,None,Remembering Desires,None,UNCHANGED,"Advertising page: (top) Shamla stationery, printing and magazines shop advertise","Advertising page: (top) Shamla stationery, printing and magazines shop advertisement; (bottom) Kolynos toothpaste — ""For sparkling white teeth"" — with photograph of a smiling woman"
ethnayn3_0157.jpeg,Remembering Desires,None,Remembering Desires,Remembering Leisure,SECONDARY-ONLY,"raditions + full-page Andrews Liver Salt advertisement ""Get Your Inner Cleanliness"" illustrated with a strappi","""Mushkilat Al-Usboo"" (Problem of the Week) column debating outdated Egyptian social traditions + full-page Andrews Liver Salt advertisement ""Get Your Inner Cleanliness"" illustrated with a strapping athletic man exercising"
ethnayn3_0159.jpeg,Remembering Desires,None,Remembering Desires,None,UNCHANGED,"y in marriage, plus full-page Aspro tablets advertisement with Egyptian domestic scene theme (a housewife serv","""Sinful Suspicions"" — bottom-column dramatic short story on jealousy in marriage, plus full-page Aspro tablets advertisement with Egyptian domestic scene theme (a housewife serving Aspro to her husband)"
ethnayn3_0160.jpeg,Remembering People,None,Remembering Leisure,None,PRIMARY-FLIP,"Full-page color film advertisement for ""Al-Bayt Al-Sa'eed"" (The Happy Home) starring Hussein Sid","Full-page color film advertisement for ""Al-Bayt Al-Sa'eed"" (The Happy Home) starring Hussein Sidki and Magda; the poster shows the couple embracing in period costume against a warm golden background"
ethnayn3_0162.jpeg,Remembering Street,None,Remembering Street,None,UNCHANGED,"amatic WWII memoir-story of a Nazi Gestapo interrogation, illustrated with a menacing pen-and-ink drawing of a","""5 Seconds Before Death!"" — dramatic WWII memoir-story of a Nazi Gestapo interrogation, illustrated with a menacing pen-and-ink drawing of a uniformed SS officer looming over the victim"
ethnayn3_0165.jpeg,Remembering People,None,Remembering Street,None,PRIMARY-FLIP,"""Syria and Its President"" — political feature on newly-elected Syrian President Shukri al-Quwatli, his polic","""Syria and Its President"" — political feature on newly-elected Syrian President Shukri al-Quwatli, his policies toward Palestine and pan-Arab unity, plus an interview with a Palestinian sheikh on refugee-camp conditions"
ethnayn3_0166.jpeg,Remembering Leisure,Remembering People,Remembering Desires,Remembering Leisure,PRIMARY+SECONDARY,"Full-page ad for the new Egyptian film ""Fowq Al-Sahab"" (Above the Clouds) starri","Full-page ad for the new Egyptian film ""Fowq Al-Sahab"" (Above the Clouds) starring Aziza Amir and Mahmoud Zulfiqar; poster features individual headshots of the ensemble cast arrayed around the title in Arabic calligraphy"
ethnayn3_0167.jpeg,Remembering Desires,None,Remembering Desires,None,UNCHANGED,"Advertising page: ""Al-Amir Al-Masri"" (Egyptian Prince) soap ad, plus a ""Ramadan ","Advertising page: ""Al-Amir Al-Masri"" (Egyptian Prince) soap ad, plus a ""Ramadan Kareem"" jokes and pleasantries column with cartoon vignettes about fasting-day mishaps and the Iftar table"
ethnayn3_0168.jpeg,Remembering Desires,None,Remembering Desires,None,UNCHANGED,s fate; alongside a full-page Gillette razor-blade advertisement with the classic pin-striped gentleman illust,"""Fata wa Naseeb"" (Youth and Destiny) — short story about a chance encounter that changes a young man's fate; alongside a full-page Gillette razor-blade advertisement with the classic pin-striped gentleman illustration"
ethnayn3_0169.jpeg,Remembering Desires,None,Remembering Desires,None,UNCHANGED,Atkinsons cologne advertisement (elegant woman applying perfume before a mirror) alongside,"Atkinsons cologne advertisement (elegant woman applying perfume before a mirror) alongside ""A Tour in the Corridors of Ministries"" — a satirical feature on Egyptian bureaucracy, ministerial reshuffles and the small clerks who really run the country"
ethnayn3_0170.jpeg,Remembering Desires,None,Remembering Leisure,None,PRIMARY-FLIP,"n evening gown, with an inset advertisement for the film ""Al-Hobb La Ya Moot"" (Love Does Not Die)","Front cover of issue no. 747: color photograph of Egyptian actress Rafia Ibrahim holding a bouquet of red roses in an evening gown, with an inset advertisement for the film ""Al-Hobb La Ya Moot"" (Love Does Not Die)"
ethnayn3_0171.jpeg,Remembering People,None,Remembering People,Remembering Desires,SECONDARY-ONLY,Front cover of issue no. 635: portrait of an actress draped in a pink shawl illu,"Front cover of issue no. 635: portrait of an actress draped in a pink shawl illuminated by lantern glow, with the flirtatious caption ""Say-Yodd!"" — an Egyptian pin-up cover for the magazine's holiday issue"
ethnayn3_0173.jpeg,Remembering People,None,Remembering Desires,None,PRIMARY-FLIP,"y of Your Eyes"" — illustrated beauty column for women showing six sketches of different eye shapes (round, alm","""The Beauty of Your Eyes"" — illustrated beauty column for women showing six sketches of different eye shapes (round, almond, hooded, upturned, downturned, deep-set) with makeup-application advice tailored to each shape"
ethnayn3_0174.jpeg,Remembering Desires,None,Remembering Desires,None,UNCHANGED,"Advertising page for ""Kwt-y"" makeup powders next to the Egyptian State Railways ","Advertising page for ""Kwt-y"" makeup powders next to the Egyptian State Railways timetable for the Cairo-Alexandria line — departure times, ticket classes and stops arranged in a printed grid"
ethnayn3_0175.jpeg,Remembering Street,None,Remembering Street,None,UNCHANGED,"hh… Wa'lla?!"" (Even Then?!) — political-satire column commenting on the year-end Egyptian scene, illustrated w","""Kohh… Wa'lla?!"" (Even Then?!) — political-satire column commenting on the year-end Egyptian scene, illustrated with a cartoon of a Santa Claus figure (Papa Noel) bringing dubious political ""gifts"" to Middle Eastern statesmen"
ethnayn3_0176.jpeg,Remembering Street,None,Remembering Street,None,UNCHANGED,"""Parliament in the Al-Qantara Refugee Camp"" — full-page photo essay on Palestinia","""Parliament in the Al-Qantara Refugee Camp"" — full-page photo essay on Palestinian refugees at the Qantara camp on the Suez Canal: photographs of tents, families receiving aid, and a mock ""parliament"" the refugees have organized to elect camp representatives"
ethnayn3_0177.jpeg,Remembering People,None,Remembering People,Remembering Desires,SECONDARY-ONLY,Full-page glamour portrait of Hollywood star Myrna Loy set against a floral back,"Full-page glamour portrait of Hollywood star Myrna Loy set against a floral background, with a caption profiling the actress's latest MGM release and famous ""Thin Man"" film-series role"
ethnayn3_0178.jpeg,Remembering Desires,None,Remembering Desires,None,UNCHANGED,"Aspro cold-remedy full-page advertisement (""Take Aspro at the first sign of a cold"") beside the co","Aspro cold-remedy full-page advertisement (""Take Aspro at the first sign of a cold"") beside the concluding installment of the dramatic short story ""Death in Silence"""
ethnayn3_0179.jpeg,Remembering Desires,None,Remembering People,None,PRIMARY-FLIP,"rview ""Sheikh Abou Al-Ayoon"" (portrait of a colorful traditional-scholar personality) alongside a full-page Co","Continuation of the article/interview ""Sheikh Abou Al-Ayoon"" (portrait of a colorful traditional-scholar personality) alongside a full-page Coca-Cola advertisement — ""Delicious and Refreshing"" — with the iconic bottle graphic"
ethnayn3_0181.jpeg,Remembering Desires,None,Remembering Desires,None,UNCHANGED,Full-page advertisement for the North Africa Commercial Company (Sharikat Shamal,"Full-page advertisement for the North Africa Commercial Company (Sharikat Shamal Afriqiya Al-Tijariyya) — Willys Overland cars, with the NEAT logo showing the African continent map with compass; next to ""Al-Kawakib"" (The Stars) column — palmistry-style personality reading for actress Fatma Rushdi ("""
ethnayn3_0182.jpeg,Remembering Desires,None,Remembering Desires,None,UNCHANGED,"lgirl-figure; alongside Rawda soap ad (""pure olive-oil soap"") and Melh Fawakih Enos (Eno's Fruit Salt) adverti","""Ibla Bwjih wa Shala Effendi"" — humor essay about the peculiar antics of certain schoolteachers and the pranks students play on them, illustrated with cartoon of a bemused mustachioed effendi in tarbouche and a plump, veiled schoolgirl-figure; alongside Rawda soap ad (""pure olive-oil soap"") and Melh"
ethnayn3_0183.jpeg,Remembering Desires,None,Remembering People,Remembering Desires,PRIMARY+SECONDARY,ay by Muhammad Farghali Basha reminiscing about the tycoon Ahmad Abboud Basha with wry anecdotes about his bus,"""Beisi Debbaisi Abboud Basha!"" — full-page essay by Muhammad Farghali Basha reminiscing about the tycoon Ahmad Abboud Basha with wry anecdotes about his business habits, illustrated with cartoon of a couple shopping; alongside Al-Hidwah (Horseshoe brand) cooperative-society soap ad and Bakri publish"
ethnayn3_0184.jpeg,Remembering People,None,Remembering Leisure,None,PRIMARY-FLIP,"ute for Your Work""; alongside advertisement for the film ""Fitna"" starring Kamelia and Yehia Chahine (with the ","""Ayadat Al-Sa'ada"" (Clinic of Happiness) daily-life advice column by ""The Doctor of Happiness"" — divided into two brief essays: ""A Minute for Your Health"" and ""A Minute for Your Work""; alongside advertisement for the film ""Fitna"" starring Kamelia and Yehia Chahine (with the actor's headshot inset)"
ethnayn3_0185.jpeg,Remembering Street,None,Remembering Street,None,UNCHANGED,"on of Our Nation) — patriotic political essay on Egypt's post-war awakening, illustrated with a striking carto","""Ba'ath Ummatna"" (The Resurrection of Our Nation) — patriotic political essay on Egypt's post-war awakening, illustrated with a striking cartoon of the Statue of Liberty in tears leaning against a pillar while an Uncle Sam / Truman-type figure gestures below with a top-hat — caption reads ""[Truman's"
ethnayn3_0186.jpeg,Remembering People,Remembering Desires,Remembering People,Remembering Desires,UNCHANGED,"es"" with a large color double-portrait of a matinee-idol couple (Errol Flynn-style leading man and a smiling w","Full-page feature-cover ""The 6 Greatest Hollywood Love Stories"" with a large color double-portrait of a matinee-idol couple (Errol Flynn-style leading man and a smiling white-headscarfed leading lady) inside a big red heart shape; intro caption promises six star-couple stories culminating in ""Love e"
ethnayn3_0188.jpeg,Remembering Desires,None,Remembering Desires,None,UNCHANGED,"nsit anecdotes; International Correspondence Schools (Cairo branch) advertisement — ""Higher Studies Within You","""Awqifni Al-Ziram"" (Stop the Tram) — humorous short-story continuation on chaotic public-transit anecdotes; International Correspondence Schools (Cairo branch) advertisement — ""Higher Studies Within Your Reach"" listing engineering, accounting and business courses; Nitroun soap ad (""38 years serving "
ethnayn3_0189.jpeg,Remembering People,None,Remembering People,Remembering Street,SECONDARY-ONLY,Full-page color portrait of an Egyptian army general (likely a senior figure in ,"Full-page color portrait of an Egyptian army general (likely a senior figure in the Palestine War command) in dress uniform seated at his ornate office desk, holding a cigar; framed Quranic-inscription plaque hangs above him on the wall"
ethnayn3_0191.jpeg,Remembering Leisure,Remembering Desires,Remembering Street,None,PRIMARY-FLIP,"marriage-market intrigues, an army-officer flirt ""Mandoub Al-Ithnayn"" and news from café society; illustrated ","""Kalam Wa Hurriyat"" (Talk and Freedoms) — society-gossip humor column with vignettes on marriage-market intrigues, an army-officer flirt ""Mandoub Al-Ithnayn"" and news from café society; illustrated with a cartoon of two glamorous ladies chatting over cocktails at a café table"
ethnayn3_0192.jpeg,Remembering Desires,None,Remembering Desires,None,UNCHANGED,"umn continuation; alongside a Gillette blue-blade advertisement (""choose the Gillette with three-layer edges —","""Ana Hollywood…"" (I Am Hollywood…) — literary column continuation; alongside a Gillette blue-blade advertisement (""choose the Gillette with three-layer edges — five layers for only 5 piastres"") and a Kolynos Dental Cream ad with a smiling starlet — ""because it has magical foam"""
ethnayn3_0193.jpeg,Remembering Desires,None,Remembering Desires,None,UNCHANGED,"nders (Ideal) meat mincers"" — full-page advertisement for the Swedish-made Bolinders ""Ideal"" hand-cranked meat","""Order Bolinders (Ideal) meat mincers"" — full-page advertisement for the Swedish-made Bolinders ""Ideal"" hand-cranked meat grinders (two size illustrations); alongside a feature on children's Christmas trees, holiday customs in Siam (Thailand) and Egypt's own emerging children's-holiday movement"
ethnayn3_0195.jpeg,Remembering People,None,Remembering People,Remembering Desires,SECONDARY-ONLY,"e of the Daughters of Eve!"" — full-page color portrait of Hollywood star Eleanor Parker in a white blouse with","""Nature of the Daughters of Eve!"" — full-page color portrait of Hollywood star Eleanor Parker in a white blouse with a red-flower background, with her autograph ""For Al-Itnayn — Sincerely, Eleanor Parker"" reproduced across the bottom; short caption profiles the ""Winner"" star; issue no. 690, Septembe"
ethnayn3_0196.jpeg,Remembering Desires,None,Remembering Desires,None,UNCHANGED," Savon de la Jeunesse"" toilet-soap ad with woman's face and ""golden youth"" slogan","Full-page double advertisement: (top) Egyptian National Products Company (Sharikat Misr Lil-Muntajat Al-Ahliya) Ramadan-Kareem greeting to the Muslim community with product-price reductions announcement; (bottom) Lauriol ""Le Savon de la Jeunesse"" toilet-soap ad with woman's face and ""golden youth"" s"
ethnayn3_0197.jpeg,Remembering Street,None,Remembering Street,None,UNCHANGED," American Fantasy — President Truman's Revenge"" — satirical short story imagining Truman haunted by the ghosts","""A Bit of American Fantasy — President Truman's Revenge"" — satirical short story imagining Truman haunted by the ghosts of Hiroshima victims; illustrated with a pen-and-ink drawing of turbaned figures pointing to Truman in a starry heaven with the caption ""[These are the ones haunting Truman — the v"
ethnayn3_0198.jpeg,Remembering Leisure,None,Remembering Desires,Remembering Leisure,PRIMARY+SECONDARY,"Full-page advertisement for the new Egyptian film ""Al-Zhoor Al-Hazina"" (The Sad ","Full-page advertisement for the new Egyptian film ""Al-Zhoor Al-Hazina"" (The Sad Flowers) — starring Faten Hamama, Hussein Riyad, Zeinab Sedky, Serag Munir; production and distribution by Studio Misr; poster shows Faten Hamama in the sickbed scene, plus below-listed article previews from Al-Hilal mag"
ethnayn3_0199.jpeg,Remembering Street,None,Remembering Street,None,UNCHANGED,"Al-Harb"" (Truth Before War) — political essay arguing that Arabs must invoke international law before conflict","""Al-Haqq Qabl Al-Harb"" (Truth Before War) — political essay arguing that Arabs must invoke international law before conflict; illustrated with a bitter cartoon of a hooded UN General Assembly figure being manhandled and dragged by a group of top-hatted capitalist figures — caption reads ""[Truth was "
ethnayn3_0200.jpeg,Remembering Street,None,Remembering Desires,Remembering People,PRIMARY+SECONDARY,"Full-page advertisement for the Arabic Reader's Digest ""Al-Mukhtar"" (September 1","Full-page advertisement for the Arabic Reader's Digest ""Al-Mukhtar"" (September 1947 issue) listing its featured articles: ""Human Life"" (translated biography of Lin Yutang), ""I Was Married to Rimsky-Korsakov"" (Russian composer's wife's memoir), ""Aspirin — Is It Sugar?,"" ""Ancient Cures That Modern Med"
ethnayn3_0201.jpeg,Remembering People,None,Remembering Leisure,None,PRIMARY-FLIP,"od — the Country Is Egypt!"" — arts-and-cinema news column by Prof. Hussein Fawzy: items on new Egyptian films ","""Hollywood — the Country Is Egypt!"" — arts-and-cinema news column by Prof. Hussein Fawzy: items on new Egyptian films (""Awasef""/Storms with Fatima Rushdy and Firouz Halawa; ""Boom Fi Al-Aali""/Boom on High), success of the Egyptian theatre troupe abroad, and ""From Paris to Egypt"" — return of Yousef Wa"
ethnayn3_0204.jpeg,Remembering Desires,None,Remembering Desires,None,UNCHANGED,"w Available"") ad and Toucalon face-powder ad with photo of ""Faten Sinh""","""Here Is Ras Al-Barr Station!"" — a humor essay recounting a friend's honeymoon at the Ras Al-Barr Nile-mouth resort, illustrated with a cartoon of a scowling honeymoon-couple in confusion at a hotel; alongside Lux Radios (""Second Broadcaster Now Available"") ad and Toucalon face-powder ad with photo "
ethnayn3_0205.jpeg,Remembering Leisure,None,Remembering Leisure,None,UNCHANGED,"oughts) — reflective essay on summer resort culture (""Body-shapes exhibition on the beach"") lamenting the loss","""Khawatir"" (Thoughts) — reflective essay on summer resort culture (""Body-shapes exhibition on the beach"") lamenting the loss of dignity in the modern seaside; illustrated with a large full-page photograph of a young woman in a white two-piece swimsuit and headband, seated barefoot on the rocks by th"
ethnayn3_0207.jpeg,Remembering Desires,None,Remembering Desires,Remembering Leisure,SECONDARY-ONLY,"Advertising page: (top) Aspirol tablets — for colds, headache, flu, rheumatism (","Advertising page: (top) Aspirol tablets — for colds, headache, flu, rheumatism (with coin-and-tablet graphic); (below) full-page ad for the film ""Rigolli"" and ""The Magic Bow"" (Al-Qows Al-Sahri) starring Stewart Granger and Jean Kent — with the caption ""Second week with great success"" and Cairo cinem"
ethnayn3_0208.jpeg,Remembering Desires,None,Remembering Desires,None,UNCHANGED,"the Beloved's Measurements"" — full-page advertisement for Al-Salon Al-Akhdar (The Green Salon) dressmaking hou","""Custom-Made Innovative Body Fashions for the Beloved's Measurements"" — full-page advertisement for Al-Salon Al-Akhdar (The Green Salon) dressmaking house in Cairo and Alexandria (elegant sketch of a beribboned dress); alongside Bronticiks eye-drops ad — ""Eyes are precious jewels"" — with a beauty po"
ethnayn3_0210.jpeg,Remembering Desires,None,Remembering Desires,Remembering Leisure,SECONDARY-ONLY,"Advertising page: film advertisement for ""Al-Sitar Al-Hadidi"" (The Iron Curtain)","Advertising page: film advertisement for ""Al-Sitar Al-Hadidi"" (The Iron Curtain) starring Yousef Wahby (poster with actor's headshots); Camera cinemas ad — ""Aflam Min Ghirna"" (Films from Beyond); Al-Ghazala shop ad; Nasim Bourkhia ad"
ethnayn3_0211.jpeg,Remembering Desires,None,Remembering Desires,None,UNCHANGED,Advertising page + puzzle: BOAC (British Overseas Airways Corporation) full-page,"Advertising page + puzzle: BOAC (British Overseas Airways Corporation) full-page ad — network of 640 pilots covering 100 million miles a year, world-map illustration with silhouettes of countries served (Britain, Middle East, Egypt, Iran, India, Pakistan, Ceylon, South Africa, Australia, New Zealand"
ethnayn3_0212.jpeg,Remembering People,None,Remembering Desires,Remembering People,PRIMARY+SECONDARY,Full-page advertisement listing the contents of the October student-issue of Al-,"Full-page advertisement listing the contents of the October student-issue of Al-Hilal magazine: memoirs of the freedom fight in Sinai, biography of Doctor Haykal Basha, historical article, adventurous story, articles on painting and photography, women's-column and other features — 200 pages plus a f"
ethnayn3_0213.jpeg,Remembering Street,None,Remembering Street,None,UNCHANGED," Table"" — full-page satirical political-analysis feature by Abdul-Hamid Abdul-Haq dissecting the personalities","""Egypt's Politicians on the Autopsy Table"" — full-page satirical political-analysis feature by Abdul-Hamid Abdul-Haq dissecting the personalities of leading figures: Mustafa Al-Nahhas, Ismail Sidqi, Ali Maher, Ibrahim Abd al-Hadi, Abdul-Majid Ibrahim, Fouad Serag Al-Din, Hafez Afifi, Makram Ebeid, H"
ethnayn3_0214.jpeg,Remembering Desires,None,Remembering Desires,None,UNCHANGED,"Advertising page: full-page annual-fashion ""Cost of 1948 Life"" ad for a Cairo dr","Advertising page: full-page annual-fashion ""Cost of 1948 Life"" ad for a Cairo dressmaker's opening for the 1948 season; ""Masnou'at Al-Jamal"" (Camel-brand crafted goods) — five-year guaranteed golden-plated wares (Fahmy, Rezk & Co.); ""Tasarih Kulaht Ila Al-Kharij"" (Overseas Travel Permits) — Faroudi "
ethnayn3_0216.jpeg,Remembering Desires,None,Remembering Desires,None,UNCHANGED,"tor Ibrahim Nagi; ads for O-K razor blades (""the safe blade"") and Brasso metal polish (""for gleaming brasswork","""Drawing Is a Fashion in America"" — feature on the American amateur-painting craze; alongside a philosophical essay ""Al-Hobb… Wal-Karah"" (Love… and Hate) by the poet-doctor Ibrahim Nagi; ads for O-K razor blades (""the safe blade"") and Brasso metal polish (""for gleaming brasswork"")"
ethnayn3_0217.jpeg,Remembering Desires,None,Remembering Desires,None,UNCHANGED,"mer Troubles"" — Aspro (Aspro) full-page ad tying its cold-and-headache remedy to the miseries of the annual Ni","""The Nile Flood Increases Summer Troubles"" — Aspro (Aspro) full-page ad tying its cold-and-headache remedy to the miseries of the annual Nile flood season, illustrated with the pyramids/desert design; alongside a small cartoon of a Bedouin/prisoner squatting at a jailhouse window"
ethnayn3_0219.jpeg,Remembering Desires,Remembering People,Remembering Desires,None,SECONDARY-ONLY,"ice column with readers about lipstick, mascara and hair; Marzouq ""Police & Freedom Books"" publisher's ad","Full-page Max Factor Hollywood makeup advertisement — Egyptian-actress endorser's photo, promises of eleven Hollywood-color shades and a free sample coupon; alongside a Q&A advice column with readers about lipstick, mascara and hair; Marzouq ""Police & Freedom Books"" publisher's ad"
ethnayn3_0220.jpeg,Remembering People,None,Remembering People,Remembering Desires,SECONDARY-ONLY, magazine: worn/water-damaged full-page color portrait of a Hollywood-style leading lady with wavy platinum-an,"Front cover of Al-Itnayn wal-Dunia magazine: worn/water-damaged full-page color portrait of a Hollywood-style leading lady with wavy platinum-and-honey hair, red lipstick and a pearl choker against a rich crimson-brown background"
ethnayn3_0221.jpeg,Remembering Desires,None,Remembering Desires,Remembering People,SECONDARY-ONLY,ilosophers); alongside Akkawi jewelry-and-watches ad with elegant portrait of a Faten Hamama-style beauty in p,"""Philosophers in the Rank of Servants!"" — feature on Egypt's servant-shortage crisis, drawing a historical parallel with ancient Rome (where slaves included philosophers); alongside Akkawi jewelry-and-watches ad with elegant portrait of a Faten Hamama-style beauty in pearls, and a school-of-cinema-a"
ethnayn3_0222.jpeg,Remembering Desires,None,Remembering Desires,None,UNCHANGED,"mic figures; alongside a Rose Cologne ad (""la Delicate Perfumée"") featuring a beauty-portrait with roses, and ","""The Retired Politician Confesses!"" — mock question-and-answer column putting satirical political questions to a former minister; illustrated with a red-carpet border of comic figures; alongside a Rose Cologne ad (""la Delicate Perfumée"") featuring a beauty-portrait with roses, and a ""Farabik Zerzer"""
ethnayn3_0223.jpeg,Remembering Desires,None,Remembering Leisure,None,PRIMARY-FLIP,"""Alexandria Amusements at Al-Azarita"" — feature on Al-Kursaal beach club's summer programme ","""Alexandria Amusements at Al-Azarita"" — feature on Al-Kursaal beach club's summer programme (contest prizes, evening entertainments); alongside advertising for the film ""'Azraa' Al-Reef"" (Village Virgin) starring Fatma Rushdy; ""Dahk… Wa Bika!"" (Laughter and Tears!) — daily-joke column with numbered "
ethnayn3_0224.jpeg,Remembering Street,None,Remembering Street,None,UNCHANGED,"er war-effort work behind the Palestine front: photos of ladies assembling and packing supplies, sewing garmen","""Fi Kafla Wan Abtalna"" (In a Caravan for Our Heroes!) — photo essay on Egyptian women's volunteer war-effort work behind the Palestine front: photos of ladies assembling and packing supplies, sewing garments and writing letters to soldiers, with two smiling profile portraits at a desk labeled with t"
ethnayn3_0225.jpeg,Remembering Desires,None,Remembering Desires,None,UNCHANGED,Advertising page: TWA (Trans World Airlines) ad promoting weekly flights to Euro,"Advertising page: TWA (Trans World Airlines) ad promoting weekly flights to Europe/Italy/France (11 trips a week to America, 10 to Italy, 8 to France) — with the winged ""TWA"" logo; alongside a Kolynos Dental Cream advertisement — ""Clean your teeth with Kolynos… because it has a generous foam!"" with "
ethnayn3_0226.jpeg,Remembering People,None,Remembering Street,None,PRIMARY-FLIP," Gift to You — and I Gave the King Farouk a Gift for Your Eyes""; on the right, three short stories from Egypti","""The Prince Ramadan Says!"" — full-page Ramadan-themed decoration featuring a bold woodcut-style figure of a bearded prince in traditional dress with a coffee-tray captioned ""The Feast Is My Gift to You — and I Gave the King Farouk a Gift for Your Eyes""; on the right, three short stories from Egyptia"
ethnayn3_0228.jpeg,Remembering Street,None,Remembering Street,None,UNCHANGED,"al-legal essay condemning the UN partition of Palestine as ""the murderer inheriting the victim""; illustrated w","""The Killer Inherits the Killed!"" — bitter political-legal essay condemning the UN partition of Palestine as ""the murderer inheriting the victim""; illustrated with a striking cartoon captioned ""[The world plays the finale — of Napoleon and Moore!!]"" showing top-hatted Uncle Sam figures whispering in"
ethnayn3_0229.jpeg,Remembering People,Remembering Desires,Remembering Leisure,None,PRIMARY-FLIP,"Nutrition; alongside a poster ad for the film ""Al-Hobb La Yamoot"" (Love Does Not Die) — ""'Azraa' Al-Wadaa'"" (V","""Ayadat Al-Sa'ada"" (Clinic of Happiness) — four-minute daily advice column: A Minute for Your Health, A Minute for Your Work, Confidence in Yourself, and Food & Nutrition; alongside a poster ad for the film ""Al-Hobb La Yamoot"" (Love Does Not Die) — ""'Azraa' Al-Wadaa'"" (Virgin of the Farewell) with h"
ethnayn3_0230.jpeg,Remembering Desires,None,Remembering Desires,None,UNCHANGED,"t College Sheffield full-page correspondence-course ad (""Learn to Earn — 220 disciplines from Accountancy to W","""Bareed Al-Quloob"" advice column (letters from Fifa Al-Ahli, Kfar Al-Aisha, Umm Duraman etc. on romance and marriage); Bennett College Sheffield full-page correspondence-course ad (""Learn to Earn — 220 disciplines from Accountancy to Wireless Telegraphy"" — Cairo Emad El-Dine Street branch); and Al-A"
ethnayn3_0232.jpeg,Remembering People,None,Remembering Street,None,PRIMARY-FLIP,"Continuation of the war-memoir story ""Al-Alghaam Al-Mamnoon"" (The Grateful Mines) about a soldier wh","Continuation of the war-memoir story ""Al-Alghaam Al-Mamnoon"" (The Grateful Mines) about a soldier who survived a minefield thanks to a fortunate misstep; illustrated with a large full-color pathos painting of a Madonna-like mother clutching a naked baby, captioned ""[The unwelcome child…]"""
ethnayn3_0233.jpeg,Remembering Desires,None,Remembering Leisure,Remembering Desires,PRIMARY+SECONDARY,"Worldly Life) — social-comedy stage play by Abdullah Al-Mashuq, illustrated with a spirited pen-and-ink drawin","""Al-Banoon Zaynat Al-Hayat Al-Dunya"" (Sons — the Adornment of This Worldly Life) — social-comedy stage play by Abdullah Al-Mashuq, illustrated with a spirited pen-and-ink drawing of a laughing couple (the husband cradling his wife in his arms); alongside a Hearst perfume advertising column and an An"
ethnayn3_0234.jpeg,Remembering People,None,Remembering Leisure,Remembering People,PRIMARY+SECONDARY,""" (Entertainment) — a special summer-issue: full-page color portrait of a young woman lying on golden straw, h","Front cover of issue no. 635 (5 August 1946) ""Al-Tarfeeh"" (Entertainment) — a special summer-issue: full-page color portrait of a young woman lying on golden straw, her face turned toward the camera with a wide smile; caption reads ""Cool on the Straw!"""
ethnayn3_0235.jpeg,Remembering People,None,Remembering People,Remembering Desires,SECONDARY-ONLY,"""My Father, His Majesty Imam Yahya"" — biographical article on the Yemeni Imam Yah","""My Father, His Majesty Imam Yahya"" — biographical article on the Yemeni Imam Yahya by Prince Sayf al-Islam Abdullah, on his father's leadership of Yemen and the North Yemen Kingdom during and after WWI, his Quran-first policy and Arab independence stance; illustrated with two artist's line-portrait"
ethnayn3_0237.jpeg,Remembering Street,None,Remembering Street,None,UNCHANGED,MANUAL: User rule: navy recruitment ad is Street only,"Official recruitment advertisement — Ministry of National Defense, Royal Naval Force: accepting naval-cadet applications (Alexandria naval-school, October 1947 start, ages 15–22, requirements listed); alongside ""How the Youngsters Are Made Crazy in America?!"" — cartoon feature on the American dance/"
ethnayn3_0238.jpeg,Remembering Street,None,Remembering Street,None,UNCHANGED,"cted the Truce — the Egyptian Soldier Will Not Return!"" — full-page political article and cartoon: a magnifice","""The Great Powers Rejected the Truce — the Egyptian Soldier Will Not Return!"" — full-page political article and cartoon: a magnificent illustration of an Egyptian soldier in helmet stabbing a bloated multi-tentacled octopus labeled ""Al-Sahyoniyya"" (Zionism) with his bayonet, with barbed wire in the "
ethnayn3_0239.jpeg,Remembering Desires,None,Remembering Leisure,None,PRIMARY-FLIP,"y entertainment scene: French cabaret at the Franco-Egyptian Theater, the Al-Fontograf recording-parlor, first","""Layali Al-Qahira"" (Nights of Cairo) — historical feature on Cairo's turn-of-the-century entertainment scene: French cabaret at the Franco-Egyptian Theater, the Al-Fontograf recording-parlor, first star of Al-Dorados dance halls; alongside Dettol antiseptic ad, Al-Anwar (light) toothbrushes ad and C"
ethnayn3_0240.jpeg,Remembering Desires,None,Remembering Desires,None,UNCHANGED,""" (How Delicious the Food!) — full-page ad for Camel Brand Syrian Butter Substitute (Made in Holland), with a ","""Ma Aladh Al-Ta'aam!"" (How Delicious the Food!) — full-page ad for Camel Brand Syrian Butter Substitute (Made in Holland), with a comic drawing of two housewives — one furious, the other happy — arguing over a soup pot; slogan promotes the brand's guaranteed quality, purity of manufacture and fair p"
ethnayn3_0241.jpeg,Remembering People,None,Remembering People,Remembering Desires,SECONDARY-ONLY,Front cover of issue no. 736 (19 July 1948): color portrait of Hollywood glamour,"Front cover of issue no. 736 (19 July 1948): color portrait of Hollywood glamour star Linda Christian with long wavy honey-blonde hair, red lips and a pearl necklace over a soft cream blouse against a warm brown background"
ethnayn3_0242.jpeg,Remembering Desires,None,Remembering Desires,None,UNCHANGED,"rgeois ""Sourire de Paris"" red lipstick ad, Bronticinos-style ad, and Farrage shoes' new-collection ad","""The Servants of Today!"" — full-page comic-strip on the woes of the modern Egyptian mistress-and-maid: (top) master hugs the maid on the sofa while the wife looks in; (middle) the wife scolds; (bottom) the husband storms out — with sneering captions in colloquial Egyptian; alongside Bourgeois ""Souri"
ethnayn3_0244.jpeg,Remembering People,None,Remembering People,Remembering Desires,SECONDARY-ONLY,"May 1948) — ""Yalit"" (I Wish): full-page color portrait of an Egyptian model/actress in a lavish white ruffled ","Front cover of issue no. 729 (31 May 1948) — ""Yalit"" (I Wish): full-page color portrait of an Egyptian model/actress in a lavish white ruffled Victorian-style gown with a jewelled ruby-and-gold necklace and matching hair ornament; magazine masthead ""Al-Itnayn & Al-Dunia — Cairo Egypt — 31 May 1948 —"
ethnayn3_0246.jpeg,Remembering People,None,Remembering People,Remembering Desires,SECONDARY-ONLY,Front cover of issue no. 726 (12 July 1948) — full-page color portrait of Hollyw,"Front cover of issue no. 726 (12 July 1948) — full-page color portrait of Hollywood/European actress ""Sabine Hasse"" (Sabinah Hasso) in a shimmering aqua-blue high-neck sequined gown against an ornate cream Moorish filigree screen; caption directs readers to page 87 for her feature"
ethnayn3_0247.jpeg,Remembering Desires,None,Remembering Desires,None,UNCHANGED,"Advertising page: Enos Fruit Salt ""Melh Fawakih Enos"" — ""Whenever summer heat we","Advertising page: Enos Fruit Salt ""Melh Fawakih Enos"" — ""Whenever summer heat weighs on you, a fizzy sparkling glass of Fruit Salt refreshes and revives you"" — with rooster-and-bottle graphic; Chibs (Chibbs) dental cream ""For Strong Teeth of Dazzling White"" — with photos of two glamorous smiles appl"
ethnayn3_0249.jpeg,Remembering Street,None,Remembering Street,None,UNCHANGED, — three-photo essay from the Palestine front: (top) three Arab-army machine-gunners crouching behind a felled,"""Muhaajereen 'Arab wa Faransyoon"" (Arab and French Immigrants!) — three-photo essay from the Palestine front: (top) three Arab-army machine-gunners crouching behind a felled tree in a Jerusalem street firing at Jewish neighborhoods; (middle) Egyptian volunteer fighters gathered around a captured Zio"
ethnayn3_0251.jpeg,Remembering Desires,None,Remembering Desires,Remembering Street,SECONDARY-ONLY," wine; alongside Nablus Tiger Soap ad and a naval-recruitment poster for the Royal Egyptian Naval College — ""E","""Ma'raka Bel-Masasim!"" (A Battle by Toothpicks!) — short story of a British/Egyptian commander winning a duel of wits over a Japanese officer with a glass of wine; alongside Nablus Tiger Soap ad and a naval-recruitment poster for the Royal Egyptian Naval College — ""Enjoy the Life of the Sea and Serv"
ethnayn3_0252.jpeg,Remembering People,None,Remembering People,Remembering Desires,SECONDARY-ONLY,ht!): full-page color profile portrait of a soft-focus blonde with wavy auburn-lit hair and lowered eyelashes ,"Front cover of issue no. 747 (4 October 1948) — ""Ya Sharid Al-Fikr!"" (Oh Wanderer of Thought!): full-page color profile portrait of a soft-focus blonde with wavy auburn-lit hair and lowered eyelashes against a deep bottle-green background"
ethnayn3_0254.jpeg,Remembering Desires,None,Remembering Desires,Remembering Street,SECONDARY-ONLY,"Full-page ad for Chibs (S.R.) toothpaste — ""Strong Whole Teeth, Dazzling White G","Full-page ad for Chibs (S.R.) toothpaste — ""Strong Whole Teeth, Dazzling White Gums"" — with two large photos of smiling starlets applying the paste; below, the Egyptian Ministry of National Defence — Royal Coastal Command notice: dates for tenders for naval-college applications and requirement detai"
ethnayn3_0257.jpeg,Remembering Desires,Remembering Street,Remembering Desires,None,SECONDARY-ONLY,lking is an Art!) — full-page fashion instruction feature with four photos of a slender model demonstrating fo,"""Al-Mashi… Fen!"" (Walking is an Art!) — full-page fashion instruction feature with four photos of a slender model demonstrating four styles of graceful walk with a leashed dog; alongside Nabulsi Tiger soap ad and an ad for the sole distributor ""G.T.A."" of ""Matya Bolisen Moulen"" tractors, and a Munic"
ethnayn3_0258.jpeg,Remembering People,None,Remembering Desires,None,PRIMARY-FLIP,"anaan"" (Views of the Sultans) reader-quiz — with small headshots of the featured actresses and writers","Contents cover of ""Al-Itnayn"" magazine: previews of feature stories ""Boloroon Fi Al-Sujoun!"" (Blondes in Jails), ""Mustaheel!"" (Impossible!), ""Al-Khatt Al-A'ma"" (Blind Fate), and ""Ara' Al-Boltaanaan"" (Views of the Sultans) reader-quiz — with small headshots of the featured actresses and writers"
ethnayn3_0259.jpeg,Remembering Desires,None,Remembering Desires,None,UNCHANGED,"ts ad (with beauty-portrait), Gillette blades ad, and a ""Free Shoes"" prize offer","""Al-Mar'a Fi Hayatak!"" (Woman in Your Life!) — reflective essay by the famous stage-comedian Naguib Al-Rihani, illustrated with a fantasy drawing of a knight and a female muse; alongside a Koori pain-relief tablets ad (with beauty-portrait), Gillette blades ad, and a ""Free Shoes"" prize offer"
ethnayn3_0261.jpeg,Remembering Desires,None,Remembering Desires,Remembering Street,SECONDARY-ONLY,Full-page ad for Mentmore 46 fountain pen — the innovator's black-body pen with ,"Full-page ad for Mentmore 46 fountain pen — the innovator's black-body pen with 14-carat gold nib (silver-cap 195 pt / gold-cap 428 pt); illustrated with pen graphic. Alongside a diplomatic-conversation feature between an Egyptian prime minister and a British ambassador on the Palestine/UN question,"
ethnayn3_0263.jpeg,Remembering Desires,None,Remembering Desires,None,UNCHANGED,fe; alongside Queen Elizabeth cologne ad and Genie luxury-watches advertisement,"""Shirley Nabila!"" — photo-feature on Hollywood child-star Shirley Temple now grown up: stills of her with husband (John Agar) and a smaller-inset shot of her tending flowers at home; caption profiles her new-mature life; alongside Queen Elizabeth cologne ad and Genie luxury-watches advertisement"
ethnayn3_0264.jpeg,Remembering Desires,None,Remembering Desires,None,UNCHANGED,"d Al-Nil (Nile-Rose) perfumed soap ad — ""Cheap and Good""","""Dhariba Al-Damm!"" (The Blood-Tax!) — dramatic Egyptian short story on a family shattered by the loss of a son to war; alongside ""Ta'rif Mahraha!"" (She Knows Her Bride-Price!) short story column; ""Books for Everyone"" (Fahrouth publishing house, Bulaq Cairo) — quality books at economical prices; and "
ethnayn3_0265.jpeg,Remembering Leisure,None,Remembering Desires,None,PRIMARY-FLIP," (makeup artist adjusting her lipstick, jewelry supervisor placing a bracelet); caption discusses the make-up-","Full-page glamour photo of an Egyptian film-actress reclining bare-shouldered inside a giant pink oyster-shell prop being fussed over by two male stylists (makeup artist adjusting her lipstick, jewelry supervisor placing a bracelet); caption discusses the make-up-and-jewelry crew's role in creating "
ethnayn3_0266.jpeg,Remembering Desires,None,Remembering Street,Remembering Desires,PRIMARY+SECONDARY,story about a political-fraud election in 19th-century US (Baron Manoyorko affair of 1848); alongside El-KIRA ,"""Sariq Al-Wilaya!"" (Thief of the Governorship!) — American historical story about a political-fraud election in 19th-century US (Baron Manoyorko affair of 1848); alongside El-KIRA (Egyptian Electrical Fittings Co.) home-appliances full-page ad — irons, toasters, small appliances — and Sopex laundry-"
ethnayn3_0267.jpeg,Remembering Desires,None,Remembering Desires,None,UNCHANGED,"Advertising page: full-page Rawda soap advertisement — ""Made of pure olive oil, ","Advertising page: full-page Rawda soap advertisement — ""Made of pure olive oil, 8 milliem per bar"" — with a captivating drawing of a bare-shouldered lady in a bath tub reaching for a Rawda soap-cube while a spray of olives dangles above; alongside continuation of the beauty-column ""Ya Sharid Al-Fikr"
ethnayn3_0268.jpeg,Remembering Desires,None,Remembering Desires,Remembering Leisure,SECONDARY-ONLY," dermatitis, eczema""; Andrews Liver Salt ad — ""Yes! You Feel Bright After Bathing — But True Inner Cleanliness","""Bayt Min Al-Jou'a!"" (A House of Hunger!) — dramatic short story column; Inotyol topical antiseptic ointment ad — ""heals wounds, softens skin, cures itching, dermatitis, eczema""; Andrews Liver Salt ad — ""Yes! You Feel Bright After Bathing — But True Inner Cleanliness Requires…""; and film ad for ""Al-"
ethnayn3_0269.jpeg,Remembering People,None,Remembering People,Remembering Desires,SECONDARY-ONLY,story spread: full-face color portrait of the Egyptian starlet in the leading role framed by dark wavy hair ag,"""Shurooq Al-Qamar"" (Rising of the Moon) — double-page cinematic-story spread: full-face color portrait of the Egyptian starlet in the leading role framed by dark wavy hair against a peach-pink background, alongside four black-and-white film-stills of the male lead ""Nabil Ryzel"" in various romantic a"
ethnayn3_0271.jpeg,Remembering Desires,None,Remembering Desires,None,UNCHANGED," in installments"") and Stella beer ad ""Ask for Stella beer!""","""Lahza Junoon!"" (A Moment of Madness!) — historical anecdote from 1875 about a wealthy man who lost 40,000 roubles at a train station; illustrated with a mustachioed man's silhouette portrait. Alongside Muhammad Ali Hijazi ad for radio-appliances by installment (""pay in installments"") and Stella bee"
ethnayn3_0272.jpeg,Remembering People,None,Remembering People,Remembering Desires,SECONDARY-ONLY,es and singers: large central portrait of Nour El-Hoda smiling; large portrait of Rita Barvot; inset headshots,"""February's Stars and Their Voices… in a Mirror of White Glass!"" — full-page tinted-red photo montage of Egyptian actresses and singers: large central portrait of Nour El-Hoda smiling; large portrait of Rita Barvot; inset headshots of Serag Munir(?), Naima Wasfi, Aida Chreef, Bahiga Hafez, Faten Ham"
ethnayn3_0273.jpeg,Remembering Desires,None,Remembering Street,None,PRIMARY-FLIP,"cross Egypt, Syria, Sudan and Palestine and a solution-key of the contest advertisements (Coca-Cola, Kolynos, ","""7,142 Readers Compete in the Al-Itnayn Advertisement Contest!"" — official announcement page listing the winners of the 26 April 1948 advertising-recognition contest (organized with 3,232 correct entries), with prize-tiers: 1st prize 10 pounds to Sirry Abdul-Ghani (Sudan-Khartoum), 2nd prize (5 poun"
ethnayn3_0274.jpeg,Remembering Street,None,Remembering Street,None,UNCHANGED,feature on the history of the Muslim Brotherhood (Al-Ikhwan Al-Muslimeen) since its founding in Ismailia in 19,"""'The Ikhwan' In Twenty Years!"" — full-page feature on the history of the Muslim Brotherhood (Al-Ikhwan Al-Muslimeen) since its founding in Ismailia in 1928 by Hasan Al-Banna, expansion under Ismailia branches, Cairo headquarters in 1932, and estimated 2 million members by 1948; illustrated with a c"
ethnayn3_0276.jpeg,Remembering Street,None,Remembering Street,None,UNCHANGED,"e preparations, the failed UN Palestine mediator's mission, drought in Damietta, and the situation in Damascus","""Kul Shay!"" (Everything!) — miscellaneous world-news roundup: items on China (US aid to Chiang Kai-shek), the Syrian-Iraqi Arab-League preparations, the failed UN Palestine mediator's mission, drought in Damietta, and the situation in Damascus; illustrated with a fine political cartoon of Uncle Sam "
ethnayn3_0277.jpeg,Remembering People,None,Remembering Desires,None,PRIMARY-FLIP,"reeha!"" (For Every Occasion a Hairstyle!) — full-page beauty photo-essay: four side-by-side model photographs ","""Likul Waqt Tasreeha!"" (For Every Occasion a Hairstyle!) — full-page beauty photo-essay: four side-by-side model photographs illustrating four appropriate coiffures — a morning hairstyle with hair pulled back into an elaborate up-do, an afternoon style with a fresh-flower ornament, an evening-ball s"
ethnayn3_0278.jpeg,Remembering People,None,Remembering People,Remembering Desires,SECONDARY-ONLY,Front cover of issue no. 719 (22 March 1948): full-page color close-up portrait ,"Front cover of issue no. 719 (22 March 1948): full-page color close-up portrait of a Hollywood-style blonde with a high-swept auburn front-curl and glossy red lipstick, smiling into the camera against a bold vertical-striped red background"
ethnayn3_0279.jpeg,Remembering Desires,None,Remembering Desires,None,UNCHANGED,"substitute — Made in Holland) full-page ad and an Andrews Liver Salt ""Morning Drink"" advertisement","""Aris Effendi… Tajir Akhbar!"" (Groom Effendi… News-Merchant!) — full-page satirical short-story about a new bridegroom who barters gossip-tidbits about his own household with in-laws and neighbors; alongside ""Sana'aat Al-Jamal"" (Camel Brand Syrian butter substitute — Made in Holland) full-page ad an"
ethnayn3_0281.jpeg,Remembering People,None,Remembering Street,Remembering People,PRIMARY+SECONDARY," Aqwalih!"" (The First Hero of Palestine… The Life of Salah Al-Din from His Own Sayings!) — full-page historica","""Batal Falastin Al-Awal… Hayat Salah Al-Din Min Aqwalih!"" (The First Hero of Palestine… The Life of Salah Al-Din from His Own Sayings!) — full-page historical/patriotic essay evoking Saladin as inspiration for the Palestine cause of 1948, quoting his memoirs and battle counsel; illustrated with a ma"
ethnayn3_0282.jpeg,Remembering Street,None,Remembering People,None,PRIMARY-FLIP,"ha Kaanat Ummi!"" (This Is How My Mother Was!) — American short-story translation about a mother's stoic farewe","""Hakadha Kaanat Ummi!"" (This Is How My Mother Was!) — American short-story translation about a mother's stoic farewell to her son leaving home; illustrated with a full-color tinted drawing of a well-dressed matron waving from the train platform as her handsome dandified son boards, framed by the orn"
ethnayn3_0285.jpeg,Remembering People,None,Remembering Street,None,PRIMARY-FLIP,"-Uruba Fi Mufaraq Al-Turuq!"" (Pan-Arabism at the Crossroads!) — political essay on the Arab League's failures ","""Al-Uruba Fi Mufaraq Al-Turuq!"" (Pan-Arabism at the Crossroads!) — political essay on the Arab League's failures over the Palestine question and Yemen crisis, urging the necessity for real Arab political-economic unity; illustrated with a photo of Prince Faisal ibn Saud (later King Faisal) seated in"
ethnayn3_0288.jpeg,Remembering Leisure,None,Remembering Desires,Remembering Street,PRIMARY+SECONDARY,"""The Convalescent Soldiers Enjoying King Farouk's Hospitality!"" — striking large photograph ","""The Convalescent Soldiers Enjoying King Farouk's Hospitality!"" — striking large photograph of rows of turbaned and tarboush-wearing wounded veterans and religious sheikhs seated at a royal reception drinking from cups, holding cigars; accompanying article ""Mas'ala Karama!"" (A Matter of Honor!) on t"
ethnayn3_0289.jpeg,Remembering Desires,None,Remembering Desires,None,UNCHANGED,"cartoons; alongside a Kolynos Dental Cream ad (smiling gentleman ""has generous foam"") and an ad for the detect","""Likul Hakima Zikra!"" (For Every Doctor a Memory!) — column of first-person anecdotes from Egyptian physicians about strange cases (a woman's peculiar phobia, a runaway fiancée, an incident with cocaine-inhaling patient), illustrated with small cartoons; alongside a Kolynos Dental Cream ad (smiling "
ethnayn3_0290.jpeg,Remembering Desires,None,Remembering Street,Remembering Leisure,PRIMARY+SECONDARY,"""Al-Hukm…"" (The Rule…) — political essay by Prof. Abdul-Hameed Fahmi Bey (""The Sadd Pier of Egypt's Natio","""Al-Hukm…"" (The Rule…) — political essay by Prof. Abdul-Hameed Fahmi Bey (""The Sadd Pier of Egypt's National Rule"") on constitutional-monarchy governance; alongside ""Fondouk Al-Shatrawishi"" luxury Alexandria beach-hotel opening ad and a poster for the film ""Banat Al-Reef"" (The Village Girls) starrin"
ethnayn3_0292.jpeg,Remembering Desires,None,Remembering Desires,None,UNCHANGED," But Take Aspro!"" — full-page Aspro tablets advertisement targeting pilgrimage-going Egyptians with heat-fatig","""Combat the Heat During the Hajj Season — But Take Aspro!"" — full-page Aspro tablets advertisement targeting pilgrimage-going Egyptians with heat-fatigue relief; alongside contest results ""Ajmal Sourat Tefl"" (Prettiest Baby Photo) awarding 46 prizes with the winners' names and towns listed"
ethnayn3_0293.jpeg,Remembering Desires,None,Remembering Desires,None,UNCHANGED,"Full-page Rawda Soap advertisement — ""Manufactured from pure olive-oil, 8 milliem per bar"" — sho","Full-page Rawda Soap advertisement — ""Manufactured from pure olive-oil, 8 milliem per bar"" — showing a bath-tub scene with the same bare-shouldered lady reaching for the soap-cube; alongside a short-story continuation and a promo footer for Al-Hilal magazine's next special issue on 1 October"
ethnayn3_0295.jpeg,Remembering Desires,None,Remembering Desires,None,UNCHANGED,"ongside a Philips light-bulbs full-page ad (""Are you satisfied with the light you have?"") and a Bloomex cough-","""Fi Al-Mareekh"" (On Mars!) — continuation of a serialized science-fantasy story from a previous issue; below, a nostalgic short-story ""Layla Min Layali Al-Rabee'"" (A Night of Spring Nights) by Muhammad Al-Nashai; alongside a Philips light-bulbs full-page ad (""Are you satisfied with the light you hav"
ethnayn3_0296.jpeg,Remembering Desires,None,Remembering People,None,PRIMARY-FLIP,ki — illustrated with a still-life of two decanters on an ornate scale beam,"""Vinegar and Oil"" — full-page triangular philosophical essay-collection: (right) ""Sharab… bi Qalam Al-Doctor Taha Hussein Bey"" (Drink… by Dr Taha Hussein) — a wry piece on wine and Islamic prohibition; (left) ""Al-Khall wa Hurriyat Al-Adhhan"" (Vinegar and Freedom of Minds) by Ibrahim Abdul-Qader Al-M"
ethnayn3_0297.jpeg,Remembering Desires,None,Remembering Desires,None,UNCHANGED,"pajama-and-textile promotion, Cologne ""Surien"" ad with an elegant blonde head-portrait, and a Stella beer ""'Al","""'Aroos Al-Bahr!"" (Bride of the Sea!) — continuation from previous page of a short story about a naive village girl; alongside an ad for Al-Nataari Cairo store's Eid Al-Adha shirt-and-pajama-and-textile promotion, Cologne ""Surien"" ad with an elegant blonde head-portrait, and a Stella beer ""'Alama Al"
ethnayn3_0298.jpeg,Remembering People,None,Remembering People,None,UNCHANGED,"feature: a large heart-cutout portrait of a chestnut-haired beauty in pearls in three-quarter profile, framed ","""You and the Youth of Your Dreams!"" — full-page pink-red romantic feature: a large heart-cutout portrait of a chestnut-haired beauty in pearls in three-quarter profile, framed against orange-pink starburst rays; a Cupid-figure aims his arrow from the left corner; caption launches a series of five ch"
ethnayn3_0299.jpeg,Remembering People,Remembering Desires,Remembering People,None,SECONDARY-ONLY,"eir Age Before They Faded!"" — biographical essay by Abdullah Ramzan on Sheikh Ibrahim Al-Munsef, a beloved but","""These Lit Up Their Age Before They Faded!"" — biographical essay by Abdullah Ramzan on Sheikh Ibrahim Al-Munsef, a beloved but now-forgotten mid-century Egyptian personality; sidebar: photo of ""Fanana Misr Malak"" (Star of Egypt Malak) promoting her 15th film ""Ta'nissah 'Umr"" (My Life's Punishment) a"
ethnayn3_0300.jpeg,Remembering Desires,None,Remembering People,Remembering Desires,PRIMARY+SECONDARY,"pe; below the drawing, an autobiographical humor-piece in his voice; alongside a full-page Aspro tablets ad — ","""Ana Muzlim!"" (I Am Gloomy!) — full-page satirical caricature-portrait feature: a striking silhouette-drawing of the actor Serag Munir in a black opera-cape frowning against a vast dark blob-shape; below the drawing, an autobiographical humor-piece in his voice; alongside a full-page Aspro tablets a"
ethnayn3_0301.jpeg,Remembering Desires,Remembering Leisure,Remembering Leisure,None,PRIMARY-FLIP,"und gambling den; alongside a film-poster ad for ""Sagh Misry"" (An Egyptian Gold Bar) with headshots of Layla M","""Indama Gharat Al-Boules Al-Nisa'i!"" (When the Women's Police Raided!) — Egyptian short-story about a policewoman's dramatic raid on an underground gambling den; alongside a film-poster ad for ""Sagh Misry"" (An Egyptian Gold Bar) with headshots of Layla Murad, Yehia Chahine and Emad Hamdi"
ethnayn3_0302.jpeg,Remembering People,None,Remembering People,Remembering Desires,SECONDARY-ONLY,"llywood Stars in the Test!"" — full-page glamour portrait of Hollywood ingénue Wanda Hendrix in soft-focus colo","""Hollywood Stars in the Test!"" — full-page glamour portrait of Hollywood ingénue Wanda Hendrix in soft-focus color with red lipstick and downcast eyes, in a cream trench-collar blouse; feature-caption profiles her breakthrough films"
ethnayn3_0303.jpeg,Remembering People,None,Remembering People,Remembering Desires,SECONDARY-ONLY,"l-Ghuroub"" (Awaiting Sunset): full-page color portrait of an Egyptian actress in a shimmering long red polka-d","Front cover of issue no. 636 (19 August 1946) — ""Intizar Al-Ghuroub"" (Awaiting Sunset): full-page color portrait of an Egyptian actress in a shimmering long red polka-dot lace-detail gown, holding a long cigarette-holder like a wand while backlit against her own shadow on a wall"
ethnayn3_0304.jpeg,Remembering Desires,None,Remembering Desires,None,UNCHANGED,"in wartime; alongside Andrews Liver Salt ""Morning Drink Andrews"" ad, Bloomex tablets ad, and a Bennett Institu","""Ayoha Al-Faqir?!"" (Oh Poor Man?!) — reflective essay on the plight of Egypt's poor and gap between rich and poor in wartime; alongside Andrews Liver Salt ""Morning Drink Andrews"" ad, Bloomex tablets ad, and a Bennett Institute of Commerce and Accountancy correspondence-course advertisement"
ethnayn3_0305.jpeg,Remembering Leisure,None,Remembering Street,None,PRIMARY-FLIP, Hypocrisy Died!) — full-page political-satire essay by Prof. Tawfiq Diab Bey imagining a world without politi,"""Law Maat Al-Nifaaq!"" (If Hypocrisy Died!) — full-page political-satire essay by Prof. Tawfiq Diab Bey imagining a world without political hypocrisy; illustrated with a cartoon of a bored couple sunbathing under a beach umbrella"
ethnayn3_0307.jpeg,Remembering Desires,None,Remembering Desires,Remembering Leisure,SECONDARY-ONLY,"Full-page ad for the new Egyptian film ""Awasef"" (Storms) starring Fatma Rushdi w","Full-page ad for the new Egyptian film ""Awasef"" (Storms) starring Fatma Rushdi with a dozen supporting-cast headshots including Zaki Rustom, Abbas Fares and Muhammad Al-Nabih; poster shows Rushdi in a peasant embroidered dress raising her hand in defiance; alongside a full-color drawing of the Citad"
ethnayn3_0309.jpeg,Remembering Desires,None,Remembering Desires,None,UNCHANGED,"ide-down; alongside a Kolynos Dental Cream ad with cartoon of a laughing boy and ""Kutnow's Powder"" digestive a","""Mufaja'a Fi Sahat Al-'Adala!"" (Surprise in the Court of Justice!) — full-page Egyptian courtroom-drama short-story of an unexpected witness that turned a murder trial upside-down; alongside a Kolynos Dental Cream ad with cartoon of a laughing boy and ""Kutnow's Powder"" digestive antacid ad with jar-"
ethnayn3_0311.jpeg,Remembering Desires,Remembering Leisure,Remembering Desires,None,SECONDARY-ONLY,l (Rose of the Nile) perfumed soap ad and a full-page ad from Sharikat 'Arabi Trading Co. listing 60 wool-and-,"""6 Qisas Gharam!"" (6 Love Stories!) — final-part romance-anthology feature about American newlyweds in New York; alongside a Ward Al-Nil (Rose of the Nile) perfumed soap ad and a full-page ad from Sharikat 'Arabi Trading Co. listing 60 wool-and-textile bargains for the 1948 Eid al-Ghadeer holiday"
ethnayn3_0312.jpeg,Remembering Street,None,Remembering Desires,None,PRIMARY-FLIP,ottom-left) a barber applying lipstick to a bearded gentleman's face; (bottom-right) a barber shaving a custom,"""Idhak Ma'a Al-Halaqiin!"" (Laugh with the Barbers!) — full-page comic-strip feature: (top) manic barber cutting a lady's hair with a giant machete; (middle) an angry mob of clients dragging a runaway barber through the street; (bottom-left) a barber applying lipstick to a bearded gentleman's face; ("
ethnayn3_0313.jpeg,Remembering Desires,None,Remembering Desires,Remembering Street,SECONDARY-ONLY,"Full-page advertising: Brylcreem hair cream — ""The Best Treatment for Hair"" — with the classic profile ","Full-page advertising: Brylcreem hair cream — ""The Best Treatment for Hair"" — with the classic profile of a well-groomed British-style gentleman applying pomade; alongside a ""Salaar"" (a sparkling drink or product) advertisement with a cheerful cartoon face; and a memoir-continuation column about mil"
ethnayn3_0314.jpeg,Remembering People,None,Remembering Street,None,PRIMARY-FLIP,in Wisconsin — to an American army lieutenant; illustrated with a photograph of the smiling bride and her groo,"""A Salute Before the Uniform!"" — special-correspondent letter to Al-Itnayn from Fahmy Girges about the Egyptian-American church wedding of Ms. Nadouny — an Egyptian émigré in Wisconsin — to an American army lieutenant; illustrated with a photograph of the smiling bride and her groom signing the marr"
ethnayn3_0315.jpeg,Remembering People,None,Remembering People,Remembering Desires,SECONDARY-ONLY,Front cover: full-page color portrait of a smiling blonde bombshell in an amber-,"Front cover: full-page color portrait of a smiling blonde bombshell in an amber-golden silk short-sleeved dress with corset lacing, hair pinned up in careful curls, seated on a fan-pleated skirt against a dark bronze background"
ethnayn3_0317.jpeg,Remembering People,None,Remembering People,None,UNCHANGED,"""Sourat Imra'a"" (Portrait of a Woman) — Egyptian short story by Ibrahim Al-Wardany in two vignett","""Sourat Imra'a"" (Portrait of a Woman) — Egyptian short story by Ibrahim Al-Wardany in two vignettes (Part 1 and Part 2) about a soldier who becomes obsessed with the photograph of an unknown woman he found in a Palestine trench, then discovers the truth of who she is"
ethnayn3_0318.jpeg,Remembering Desires,None,Remembering Street,Remembering Desires,PRIMARY+SECONDARY," Cairene wisecracks about the British occupation; alongside a full-page Ronson lighter ad (""100% Efficiency"") ","""Misr Tudhak 'Ala Muhtaliyha!"" (Egypt Laughs at Its Occupiers!) — a journalism-humor column collecting the best Cairene wisecracks about the British occupation; alongside a full-page Ronson lighter ad (""100% Efficiency"") — hand holding an elegant Ronson lighter — and ""Sadiq Al-Sittayat"" (Ladies' Fri"
ethnayn3_0319.jpeg,Remembering Desires,None,Remembering Desires,Remembering Leisure,SECONDARY-ONLY,"Advertising page: full-page poster for the film ""Zahret Al-'Ula"" — ""Hadrat Al-Mu","Advertising page: full-page poster for the film ""Zahret Al-'Ula"" — ""Hadrat Al-Muhtaram"" (The Notable Gentleman) — a Cambridge-cinema production starring Kamel El-Meligui and Mahmoud Al-Meligui and dancer Kitti, William Davis and Suad Makawi, with William Davis's headshot in inset; alongside a short-"
ethnayn3_0320.jpeg,Remembering Desires,None,Remembering Desires,None,UNCHANGED,"the machine at work, Toucalon face-powder ad with two lady-portraits, and Autard fizzy drink ad","""Nazhat Isma'il"" (Isma'il's Excursion) — historical anecdote/essay about Khedive Ismail's fabulous Paris excursion and lavish spending patterns; alongside a REX Blaw-Knox Ltd (London) full-page road-paver ad with black-and-white illustration of the machine at work, Toucalon face-powder ad with two l"
ethnayn3_0321.jpeg,Remembering Desires,None,Remembering Desires,None,UNCHANGED,"times of drought; alongside a full-page ad for ""Sabun Al-Ahram"" (Pyramids Soap) — ""Best Cleansing Soap Made fr","Article/memoir about the sharp-witted writer Dr Mahboub Thabet Basha (with his portrait sketch), on Egypt's neediest at times of drought; alongside a full-page ad for ""Sabun Al-Ahram"" (Pyramids Soap) — ""Best Cleansing Soap Made from Purest Materials — 400 grammes for 35 milliem""; and ""Kawakib Al-Sin"
ethnayn3_0322.jpeg,Remembering Desires,None,Remembering Desires,None,UNCHANGED,d mental fatigue; alongside a full-page ad for the Egyptian Petroleum Cooperative Society showing gas-pump-and,"""How to Improve Your Memory?"" — health-column essay outlining tips for treating forgetfulness and mental fatigue; alongside a full-page ad for the Egyptian Petroleum Cooperative Society showing gas-pump-and-car graphic; a Bronticinos eye-drops ad; and an Aspirol tablets ad with capsule-in-jar graphi"
ethnayn3_0323.jpeg,Remembering Desires,Remembering People,Remembering Desires,Remembering People,UNCHANGED,"rings Wide-Ranging Change!"" — Aspro tablets full-page ad promoting Aspro for restful sleep, with sketch-carica","""You — a Night of Deep Sleep Brings Wide-Ranging Change!"" — Aspro tablets full-page ad promoting Aspro for restful sleep, with sketch-caricature portrait; alongside a memoir column on how Egypt's overburdened people find escape, illustrated with three photos of comedian Ismail Yasin — smiling with h"
ethnayn3_0324.jpeg,Remembering Desires,None,Remembering Desires,None,UNCHANGED," Contest"" (Huroof Lil-I'ibar) reader-puzzle with cash prizes","""In Just 50 Seconds — Pan-Cake Makes You Look More Beautiful!"" — full-page Max Factor Pan-Cake makeup advertisement featuring a glamorous cream-shouldered dark-haired actress in a black gown with an inset compact-package graphic; alongside a ""Letters-Rearrangement Contest"" (Huroof Lil-I'ibar) reader"
ethnayn3_0325.jpeg,Remembering People,None,Remembering People,Remembering Desires,SECONDARY-ONLY,llustrated with a large ochre-tinted color portrait of the starlet in a low-cut lace-dress and pearl-choker ag,"""Jamaali Dhayaqni!"" (My Beauty Bothers Me!) — full-page confessional-essay by Egyptian starlet Leila Fawzi complaining that her attractiveness has become a burden of stalkers, hangers-on and social-climber offers; illustrated with a large ochre-tinted color portrait of the starlet in a low-cut lace-"
ethnayn3_0326.jpeg,Remembering Desires,None,Remembering Desires,None,UNCHANGED,"moment vignettes; alongside a full-page ad for ""Nabulsi Farouk"" olive-oil soap featuring a large caricature dr","""Ihraaj!"" (Embarrassment!) — comedy column of daily-life embarrassing anecdotes and awkward-moment vignettes; alongside a full-page ad for ""Nabulsi Farouk"" olive-oil soap featuring a large caricature drawing of a bespectacled tarbouche-wearing merchant with cheerful children in the background and a "
ethnayn3_0327.jpeg,Remembering Desires,None,Remembering Street,Remembering Desires,PRIMARY+SECONDARY,arism and Crime!) — full-page political-analysis essay by Muhammad Amin Abdo commemorating the death of Presid,"""Jarast Al-Umma… 'Askariya Wa Haraamiya!"" (Egypt's Distress Bell — Militarism and Crime!) — full-page political-analysis essay by Muhammad Amin Abdo commemorating the death of President Roosevelt and lamenting Egypt's post-war descent into military dictatorship and organized crime; alongside a Benne"
ethnayn3_0328.jpeg,Remembering Desires,None,Remembering Desires,Remembering Leisure,SECONDARY-ONLY,"Advertising page: film ad for ""Rivoli"" cinema's new showing ""Mas'alat Hayat Aw M","Advertising page: film ad for ""Rivoli"" cinema's new showing ""Mas'alat Hayat Aw Mawt!"" (A Question of Life or Death!) — with an inset dramatic photo of the film's leading man; alongside a Bordwin ""Moth Rings"" moth-repellent tin ad, and a Beheira Governorate notice on new municipal-supply tenders"
ethnayn3_0330.jpeg,Remembering Desires,None,Remembering Desires,None,UNCHANGED,Advertising page: Ferricinia beauty preparations ad — with lady's portrait in a ,"Advertising page: Ferricinia beauty preparations ad — with lady's portrait in a headscarf; a ""Bushra Lil-Tujar!"" (Good News for Merchants!) — Peinture Egyptian textile-warehouses supply announcement; a Tamara cologne ad with a lady lounging on a chaise; and a ""Yajouz 'Ashar Alaaf Ginayh!"" (Ten Thous"
ethnayn3_0331.jpeg,Remembering Desires,None,Remembering Street,Remembering Desires,PRIMARY+SECONDARY, Must Be Undone!) — full-page political-analysis essay on Egypt's post-war economic-and-political disquiet; al,"""Qalaq… Yajib Al-Ibtal!"" (Anxiety… Must Be Undone!) — full-page political-analysis essay on Egypt's post-war economic-and-political disquiet; alongside a bold full-page ad for Al-Itnayn magazine's ""Yanaseeb Al-Itnayn"" prize-lottery with headline ""100 Gunayh Ha'iz Yanaseeb Al-Itnayn — Details and How"
ethnayn3_0332.jpeg,Remembering Street,None,Remembering People,Remembering Street,PRIMARY+SECONDARY,"otte…"" (I Knew Bernadotte…) — memoir-essay by Abdul-Rahman 'Azzam Pasha (Secretary-General of the Arab League)","""'Araft Bernadotte…"" (I Knew Bernadotte…) — memoir-essay by Abdul-Rahman 'Azzam Pasha (Secretary-General of the Arab League) recounting his meetings with UN Palestine mediator Count Folke Bernadotte before his assassination; illustrated with a photograph of 'Azzam Pasha shaking hands with the Count,"
ethnayn3_0333.jpeg,Remembering Desires,Remembering Leisure,Remembering Street,None,PRIMARY-FLIP,re: (top) large photograph of King Farouk seated at the head of a formal banquet dinner at the Egyptian Sahari,"Full-page photo-feature: (top) large photograph of King Farouk seated at the head of a formal banquet dinner at the Egyptian Sahariya (Desert-Road) Car Company inauguration, flanked by ministers, an ambassador and turbaned princes; (bottom-left) inset photograph of the King at the door of a shiny ne"
ethnayn3_0334.jpeg,Remembering Desires,Remembering People,Remembering People,Remembering Desires,PRIMARY+SECONDARY,rge full-page color half-face portrait of actress Raqia Ibrahim with a translucent geometrical square overlaid,"""Every Star Has a Registered Trademark!"" — double-page fashion-analysis feature identifying each Egyptian actress's signature look with a fan-shaped array of five headshots on one side (Fatma Rushdi, Aida Chreef, Naima Wasfy and others), and a large full-page color half-face portrait of actress Raqi"
ethnayn3_0337.jpeg,Remembering People,Remembering Desires,Remembering Leisure,Remembering Desires,PRIMARY+SECONDARY," Misr"" (Hollywood in Egypt) — cinema-industry news column with headshot photos of Muhammad Abdulwahab (with ta","""Hollywood El-Balad Misr"" (Hollywood in Egypt) — cinema-industry news column with headshot photos of Muhammad Abdulwahab (with tarbouche), Samir Ghanem, Zaki Rustom and a starlet-actress; items on new Egyptian films premiering at Studio Misr; alongside a Baladi household-soap ad and a full-page Ayan"
ethnayn3_0338.jpeg,Remembering Street,None,Remembering Street,Remembering People,SECONDARY-ONLY,"al!"" (Before Departure to the Battlefield!) — patriotic photo-essay on Egyptian troops preparing for the Pales","""Qabl Al-Raheel Ila Maydan Al-Qital!"" (Before Departure to the Battlefield!) — patriotic photo-essay on Egyptian troops preparing for the Palestine front: (right, top-inset) portrait of a stern helmeted Egyptian soldier; (center) a group of soldiers standing at attention as a nurse solemnly shakes h"
ethnayn3_0339.jpeg,Remembering Desires,Remembering Leisure,Remembering Desires,Remembering Leisure,UNCHANGED,"Advertising page: full-page ad for the film ""Al-Mughamir"" (The Adventurer) — thi","Advertising page: full-page ad for the film ""Al-Mughamir"" (The Adventurer) — third week at Cinema Rivoli Cairo — starring Mahmoud Al-Meligui, Samia Gamal and Hussein Riyad; poster shows lead-couple pair-photo of the black-hatted heroine with the mustachioed leading man; below, story-continuation col"
ethnayn3_0340.jpeg,Remembering Desires,Remembering People,Remembering Desires,None,SECONDARY-ONLY,up a rectangular gold ladies' wristwatch that fills the bottom-left of the page — Akkawi jewelry at 42 Sulayma,"""A Magnificent Gift for the Year 1948 — A Beautiful Watch from Akkawi Jewelers!"" — full-page full-color advertisement featuring Paramount Pictures blonde starlet Betty Hutton as endorser: her upswept-hair portrait in an elegant gown with pearls, holding up a rectangular gold ladies' wristwatch that "
ethnayn3_0341.jpeg,Remembering Street,None,Remembering Street,None,UNCHANGED,he Triangle of Terror Sown in Palestine!) — special-correspondent front-line report by Prof. Samir Souq on the,"""Zar'at Muthallath Al-Ru'b Fi Falastin!"" (The Triangle of Terror Sown in Palestine!) — special-correspondent front-line report by Prof. Samir Souq on the 1948 Palestine uprising; illustrated with a highlighted map of the Nablus-Tulkarem-Jenin ""Triangle of Terror"" and a large photograph of Fawzy Al-Q"
ethnayn3_0342.jpeg,Remembering Desires,Remembering People,Remembering Desires,None,SECONDARY-ONLY,"ngside a full-page Gibbs S.R. dental cream ad showing a smiling lady applying paste to her toothbrush — ""For S","""Al-Janaza Harra!"" (The Hot Funeral!) — humorous short-story about a burning-hot Egyptian funeral procession; alongside a full-page Gibbs S.R. dental cream ad showing a smiling lady applying paste to her toothbrush — ""For Strong Teeth and Healthy Gums"" with tube-in-package graphic"
ethnayn3_0343.jpeg,Remembering Desires,None,Remembering People,Remembering Desires,PRIMARY+SECONDARY,ser; illustrated with a large tinted color portrait of a peroxide-blonde bombshell resting her chin on her jew,"""Mustashfa Al-Rihany wa Shari' Abdulwahab"" (The Al-Rihany Hospital and Abdulwahab Street) — reflective essay/memoir about the intersection of Cairo's leading comedian and its most famous composer; illustrated with a large tinted color portrait of a peroxide-blonde bombshell resting her chin on her j"
ethnayn3_0344.jpeg,Remembering Desires,None,Remembering Desires,None,UNCHANGED,graphic; alongside a Toucalon face-powder advertisement with two lady-portrait inset (endorsed by Nour Al-Sha',"""Vim Yanzif Bi-Sur'a Wa-Aman!"" (Vim Cleans Fast and Safely!) — full-page Vim scouring-powder ad again with maid-holding-mirror graphic; alongside a Toucalon face-powder advertisement with two lady-portrait inset (endorsed by Nour Al-Sha'lan) and a fashion-column essay on the cyclical trends in women"
ethnayn3_0345.jpeg,Remembering Desires,None,Remembering Desires,None,UNCHANGED,"ouche merchant Nabulsi Farouk soap ad; alongside a full-page ""Sir Al-Fitna wa Al-Shabab Al-Nadher!"" (Secret of","""Ahsan Ma Fi Al-Souq — Nabulsi Farouk!"" (The Best in the Market — Nabulsi Farouk!) — a repeat of the caricatured spectacled-tarbouche merchant Nabulsi Farouk soap ad; alongside a full-page ""Sir Al-Fitna wa Al-Shabab Al-Nadher!"" (Secret of Fascination and Blooming Youth!) BILE BEANS herbal digestive-"
ethnayn3_0346.jpeg,Remembering Desires,None,Remembering Desires,None,UNCHANGED,"-Khalida"" (Eve the Eternal) — full-page ad for Al-Hilal Publishing's book-series ""Hilal Yunio"" — three overlap","""Hawaa Al-Khalida"" (Eve the Eternal) — full-page ad for Al-Hilal Publishing's book-series ""Hilal Yunio"" — three overlapping book-jackets displayed diagonally, each with a headshot of a leading Egyptian actress on its cover — releasing the special June 1st issue (200 pages, 6 piastres) covering ""Eve "
ethnayn3_0347.jpeg,Remembering Desires,Remembering Leisure,Remembering Desires,Remembering Leisure,UNCHANGED,"Advertising page: full-page poster for the new Egyptian musical film ""Al-Mughann","Advertising page: full-page poster for the new Egyptian musical film ""Al-Mughanni Al-Majhool"" (The Unknown Singer) — starring Musa Kahlawi and the diva Halia Bina Al-Kursal, with photos of the ensemble musical cast in evening dress; alongside a Hussein Mansour Cairo drapes-and-fabrics shop Eid-Al-Ad"
ethnayn3_0348.jpeg,Remembering Desires,None,Remembering Street,None,PRIMARY-FLIP,"a!"" (The Return to… Cairo!) — political commentary on the resumption of King Farouk's Cairo affairs after summ","""Al-Faroub Ila… Al-Qahira!"" (The Return to… Cairo!) — political commentary on the resumption of King Farouk's Cairo affairs after summer; alongside a Belloxin cough-tablets ad, Dettol antiseptic ad, an Al-Ghazala leather-goods ad, and an Ahmed Roman chest-medicine ad with drug-and-jar graphics"
