filename,folder,arabic_text,translation,page_id,main_header_ar,main_header_en,key_quote_ar,key_quote_en,context_summary
kawakib_0001.jpg,Al-Kawakib,عناوين هذا العدد,The Headlines of This Issue,,,,,,
kawakib_0002.jpg,Al-Kawakib,شجرة الزيتون بقلم محمد كامل حسن المحامي,The Olive Tree by Mohammad Kamel Hassan Al-Muhami,,,,,,
kawakib_0003.jpg,Al-Kawakib,حدث هذا الاسبوع / عند فستان جميل,This Week's Events / A Beautiful Dress,,,,,,
kawakib_0004.jpg,Al-Kawakib,تصوري لكل سيجارة لون,Imagine Every Cigarette Has a Color,,,,,,
kawakib_0005.jpg,Al-Kawakib,سيجارة كل حسناء لكل سيجارة لون يلائم لون فستانك ويكمل اناقتك,Every Beauty's Cigarette — A Cigarette in Every Color to Match Your Dress and Complete Your Elegance,,,,,,
kawakib_0006.jpg,Al-Kawakib,اختي العربية الناهضة في كل مكان في الشرق,My Arab Sister Rising Everywhere in the East,,,,,,
kawakib_0007.jpg,Al-Kawakib,شباب ورياضة كل سيدة انيقة تحرص على ان تكون فساتينها ملاىمة لكل انواع نشاطها اليومي,Youth and Sport: Every Elegant Lady Ensures Her Dresses Suit All Types of Her Daily Activities,,,,,,
kawakib_0008.jpg,Al-Kawakib,للصباح وعلى اليلاج,For the Morning and for the Beach,,,,,,
kawakib_0009.jpg,Al-Kawakib,انتهى الصيف الجميل,The Beautiful Summer Has Ended,,,,,,
kawakib_0010.jpg,Al-Kawakib,شتمتني اسرائيل,Israel Insulted Me,,,,,,
kawakib_0011.jpg,Al-Kawakib,زيني بيتك بالقواقع,Decorate Your Home with Seashells,,,,,,
kawakib_0012.jpg,Al-Kawakib,احذرو هذه النجمة اسمها هراريت وبلدها اسرايل وهدفها هوليود اقلب الصفحة لتعرف المزيد,Beware of This Star: Her Name is Hararit Her Country is Israel and Her Goal is Hollywood — Turn the Page to Learn More,,,,,,
kawakib_0013.jpg,Al-Kawakib,شبابنا يخشى الجامعات,Our Youth Fear the Universities,,,,,,
kawakib_0014.jpg,Al-Kawakib,جذورة تحت الرماد,An Ember Beneath the Ashes,,,,,,
kawakib_0016.jpg,Al-Kawakib,كلمة الاسبوع صديقي القارى مرة ثانية تلتقي مع مجلتك الكواكب في مرحلة جديدة من مراحل تطورها كان لقائنا الاول منذ اربعة عشر شهرا,Word of the Week: My Reader Friend Once Again You Meet Your Magazine Al-Kawakib at a New Stage of Its Development — Our First Encounter Was Fourteen Months Ago,,,,,,
kawakib_0017.jpg,Al-Kawakib,هوليود تستسلم لاسراىيل من سلاح البحري الى هوليود قصة استر التي خطبها بن هور,Hollywood Surrenders to Israel — From the Navy to Hollywood: The Story of Esther Who Was Courted by Ben-Hur,,,,,,
kawakib_0018.jpg,Al-Kawakib,هايا او استر مع خطيبها بن هور شارلتون في الفلم الذي يحمل اسمه,Haya or Esther With Her Fiancé Ben-Hur Charlton in the Film That Bears His Name,,,,,,
kawakib_0019.jpg,Al-Kawakib,لقاء بين نجوم الشاشة ونجوم القلم,A Meeting Between Stars of the Screen and Stars of the Pen,,,,,,
kawakib_0020.jpg,Al-Kawakib,سهرة عربية,An Arab Evening,,,,,,
kawakib_0022.jpg,Al-Kawakib,سلكت بشرتك ناعمة لايصلح لها الا صبون سلكت / اضحك مع الانسان الالي,Selket: Your Skin is Soft — Only Selket Soap is Right for It / Laugh With the Robot,,,,,,
kawakib_0023.jpg,Al-Kawakib,اكاذيب وحقائق,Lies and Truths,,,,,,
mawed_0001.jpg,Al-Mawed,الموعد,The Appointment,,,,,,
mawed_0002.jpg,Al-Mawed,ابتعد عن انيتا اكبرغ ولا انتظر الموت,Stay Away From Anita Ekberg or Await Death,,,,,,
mawed_0003.jpg,Al-Mawed,انا بحبك يا مصطفى,I Love You Mustafa,,,,,,
mawed_0004.jpg,Al-Mawed,قلب الموجي وقلب العطار,The Heart of Al-Mawji and the Heart of Al-Attar,,,,,,
mawed_0005.jpg,Al-Mawed,الرقص فن والتمثيل موهبة والزواج مصيبة والحب يا ساتر,Dancing is an Art Acting is a Talent Marriage is a Disaster and Love — God Help Us,,,,,,
mawed_0006.jpg,Al-Mawed,كاتب انساني عالمي ازاح الستار عن كثير من معايبنا الاخلاقية والفكرية في كتابه الراىع العصيان,A Universal Humanist Writer Who Lifted the Veil on Many of Our Moral and Intellectual Flaws in His Remarkable Book 'Disobedience',,,,,,
mawed_0007.jpg,Al-Mawed,لم اتزوج تلبية لنداء الحب ولكن طلبا للراحة,I Did Not Marry in Answer to the Call of Love But in Search of Comfort,,,,,,
mawed_0008.jpg,Al-Mawed,الموجي يهدد بخلق عبدالحليم حافظ جديد عبدالحليم رفض ان يعطي الموجي ٥٠٠ جنيه ثمنا للحن,Al-Mawji Threatens to Create a New Abdel Halim Hafez — Abdel Halim Refused to Pay Al-Mawji 500 Pounds for a Melody,,,,,,
mawed_0009.jpg,Al-Mawed,تفاصيل مثيرة عن زواج ليلى فوزي وجلال معرض والد العروس يسقط مريضا ومطلقة العربي تقيم ركوى نفقة,Exciting Details About the Marriage of Layla Fawzi and Jalal Ma'rad: The Bride's Father Collapses Ill and Al-Arabi's Divorcée Files an Alimony Lawsuit,,,,,,
mawed_0010.jpg,Al-Mawed,لنى عبد العزيز ابن بلد بشنب النجمة السمراء التي خلقت نت المنتج مخرج,Lana Abdel Aziz: A Local Girl 'with a Mustache' — The Dark Star Created by the Producer-Director,,,,,,
mawed_0011.jpg,Al-Mawed,كاريكاتور,Caricature,,,,,,
mawed_0012.jpg,Al-Mawed,قلب زبيدة ثروت يخفق بحب عبد الحليم / شادية تعود الى بلاط فريد الاطرش / صلاح ذو الفقار يطلق زهرة علا / نجاة الصغير تتزوج انور منسى بعد الطلاق / هل تعود مريم فخر الدين الي محمود ذو الففار,Zubaida Tharwat's Heart Beats With Love for Abdel Halim / Shadia Returns to the Court of Farid Al-Atrash / Salah Zulfikar Divorces Zahra Ola / Nagat Al-Saghira Marries Anwar Mansi After Divorce / Will Maryam Fakhr El-Din Return to Mahmoud Zulfikar,,,,,,
mawed_0013.jpg,Al-Mawed,اقلب الصفحة,Turn the Page,,,,,,
mawed_0014.jpg,Al-Mawed,الوسط السنماى بالقاهرة لم يشهد فترة مشحون كهذه فترة مشحونة بالحب,Cairo's Film Scene Has Never Witnessed a Period as Charged as This — Charged With Love,,,,,,
mawed_0015.jpg,Al-Mawed,نصف زوجة,Half a Wife,,,,,,
mawed_0017.jpg,Al-Mawed,بلاد الهاراكيري تنافس هوليود الفيلم الياباني يمد لسانه للسنيما الامريكية,The Land of Harakiri Rivals Hollywood: Japanese Cinema Sticks Its Tongue Out at American Film,,,,,,
mawed_0018.jpg,Al-Mawed,في المهرجان الاسيوي الافريقي,At the Asian-African Festival,,,,,,
mawed_0019.jpg,Al-Mawed,محمد فواد ايمان زكي رستم حسين رياض هبدالتعيم في لحن السعادة,Mohamed Fouad Iman Zaki Rustam Hussein Riyad Abdel Naim in 'The Melody of Happiness',,,,,,
mawed_0020.jpg,Al-Mawed,ملوك الفرفشة لا يعرفون الضحك,The Kings of Comedy Don't Know How to Laugh,,,,,,
mawed_0021.jpg,Al-Mawed,حكايات فنية ام كلثوم والخوف,Artistic Tales: Umm Kulthum and Fear,,,,,,
mawed_0022.jpg,Al-Mawed,كاريكاتور,Caricature,,,,,,
mawed_0023.jpg,Al-Mawed,بلا عنوان الفلم اللبناني ما زال يحبو رغم سنوات الطويلة التي مضتعلى ولادته,Untitled: Lebanese Cinema is Still Crawling Despite the Long Years Since Its Birth,,,,,,
mawed_0024.jpg,Al-Mawed,لوكريس بورجيا ااغرب رواية عرفتها تاريخ البشرية,Lucrezia Borgia — The Strangest Story Known in Human History,,,,,,
mawed_0025.jpg,Al-Mawed,نصف عمري في السرير جاكلين بلا قميص نوم نزهة يونس في البيجاما جيزيل نصر وحيدة قم لا تنام,Half My Life in Bed: Jacqueline Without a Nightgown Nuzha Yunis in Pajamas Giselle Nasr Alone. Get Up Don't Sleep,,,,,,
mawed_0026.jpg,Al-Mawed,البيجاما واسبوع ترتدي قميص النوم,The Pajamas and a Week She Wears the Nightgown,,,,,,
mawed_0027.jpg,Al-Mawed,كلمة ونص,A Word and a Half,,,,,,
mawed_0028.jpg,Al-Mawed,سيناماءيات,Cinematics,,,,,,
mawed_0029.jpg,Al-Mawed,افلام حلمي رقلة تقدم لاول مرة ابو احمد,Helmy Raqqla Films Presents for the First Time: Abu Ahmad,,,,,,
mawed_0030.jpg,Al-Mawed,جريدة التلفزيون,The Television Newspaper,,,,,,
mawed_0031.jpg,Al-Mawed,نتيجة مسابقة فارس الجبال,The Results of the Mountain Knight Competition,,,,,,
mawed_0032.jpg,Al-Mawed,سوال للجكهور هل تخلع نجوىفواد بدل الرقص لتحتفظ باحمد فواد حسن,A Question for the Public: Will Najwa Fouad Take Off Her Dancing Costume to Keep Ahmed Fouad Hassan?,,,,,,
mawed_0033.jpg,Al-Mawed,الفيلم اللبناني العالمي حكم القدر,The International Lebanese Film: The Verdict of Fate,,,,,,
mawed_0034.jpg,Al-Mawed,ذهبت رائحة البترول عن فستان كريمة,The Smell of Petrol Left Karima's Dress,,,,,,
mawed_0035.jpg,Al-Mawed,تلفزيون بيروت في طريق الانهيار,Beirut Television on the Road to Collapse,,,,,,
mawed_0036.jpg,Al-Mawed,الكاميرا تدور,The Camera is Rolling,,,,,,
mawed_0038.jpg,Al-Mawed,حكايات النجوم,Stories of the Stars,,,,,,
mawed_0039.jpg,Al-Mawed,شيى في صدري اعنف ما كتبته احسان عبد القدوس,Something in My Chest: The Most Intense Writing of Ihsan Abdel Quddous,,,,,,
mawed_0040.jpg,Al-Mawed,في اوقات الفرااغ,In Leisure Time,,,,,,
mawed_0041.jpg,Al-Mawed,مرحبا ايها الضحك,Welcome O Laughter,,,,,,
mawed_0042.jpg,Al-Mawed,جديدجة وانعم من اي وقت مضى مناشف كوتمس الصحية الجديدة,New and Softer Than Ever — The New Cotts Health Towels,,,,,,
mawed_0043.jpg,Al-Mawed,اجمل اغاني الموسم لاشهر مطربين ومطربات العالم العربي,The Most Beautiful Songs of the Season by the Most Famous Male and Female Singers of the Arab World,,,,,,
mawed_0044.jpg,Al-Mawed,ريما فون قريبا,Rima Phone: Coming Soon,,,,,,
mawed_0045.jpg,Al-Mawed,من اجل حبي,For the Sake of My Love,,,,,,
mawed_0046.jpg,Al-Mawed,عادت فساتين الديكولتي الى جسد صباح,Low-Cut Dresses Returned to Sabah's Body,,,,,,
mawed_0047.jpg,Al-Mawed,سمر فيلم انغام حبيبي,Samar Film: Melodies of My Beloved,,,,,,
mawed_0048.jpg,Al-Mawed,التلميذة,The Student Girl,,,,,,
mawed_0050.jpg,Al-Mawed,تفرج يا سلام على شاشة التلفزيون,What a Show on the Television Screen,,,,,,
mawed_0051.jpg,Al-Mawed,لبنان واحة العالم العربي الخضراء,Lebanon the Green Oasis of the Arab World,,,,,,
mawed_0052.jpg,Al-Mawed,بمناسبة الاعياد المباركة تقدم دارمتبة الحياة لقراىها في العالم العربي المولفات القصصية التالية,On the Occasion of the Blessed Holidays Dar Maktabat Al-Hayat Presents to Its Readers in the Arab World the Following Literary Works,,,,,,
mawed_0053.jpg,Al-Mawed,بفكر في الللي ناسيني,I Think of the One Who Forgot Me,,,,,,
mawed_0054.jpg,Al-Mawed,ام كبثوم في عصر الصواديخ,Umm Kulthum in the Age of Rockets,,,,,,
mawed_0055.jpg,Al-Mawed,ام كبثوم في عصر الصواديخ,Umm Kulthum in the Age of Rockets,,,,,,
mawed_0056.jpg,Al-Mawed,ام كبثوم في عصر الصواديخ,Umm Kulthum in the Age of Rockets,,,,,,
mawed_0057.jpg,Al-Mawed,مارلين مونرو قي غرفة عشيق جين مانسفثلد,Marilyn Monroe in the Bedroom of Jayne Mansfield's Lover,,,,,,
mawed_0058.jpg,Al-Mawed,صباح في شهر العسل والعمل,Sabah During the Honeymoon and Work,,,,,,
mawed_0059.jpg,Al-Mawed,اضحك مع اهل الطرب,Laugh With the People of Music and Mirth,,,,,,
mawed_0060.jpg,Al-Mawed,مليون فتاة امريكية على استعداد للبكاء في ليلة زفاف الفس برسلي,A Million American Girls Ready to Cry on the Night of Elvis Presley's Wedding,,,,,,
mawed_0061.jpg,Al-Mawed,لبلبة وخمسة من اهل الطرب,Lablaba and Five from the People of Music and Mirth,,,,,,
mawed_0062.jpg,Al-Mawed,كل الاغنيات تودي الي الزواج,All Songs Lead to Marriage,,,,,,
mawed_0064.jpg,Al-Mawed,الاسىلة من عندنا والاجوبة من نور الهدى,The Questions Are From Us and the Answers Are From Nour Al-Huda,,,,,,
mawed_0065.jpg,Al-Mawed,ابحث عن صديق,Looking for a Friend,,,,,,
mawed_0066.jpg,Al-Mawed,الموعد تحقق اول لقاء: فيروز وسعاد محمد,The Appointment Is Fulfilled: The First Meeting Between Fairuz and Souad Mohammed,,,,,,
mawed_0067.jpg,Al-Mawed,ذهبت مع الربيع,She Left With the Spring,,,,,,
mawed_0068.jpg,Al-Mawed,العطر والسحر واللون الفاتن، تجمع لديك في كامي,Fragrance Magic and Enchanting Color — All Come Together for You in Kami,,,,,,
mawed_0069.jpg,Al-Mawed,بربع ليرة فقط:صابون كامي::يسري هذا العرض لفترة محدودة,For Only a Quarter Lira: Kami Soap — This Offer Is Valid for a Limited Time,,,,,,
mawed_0070.jpg,Al-Mawed,ماذا تعرف عن احمد فواد حسن,What Do You Know About Ahmed Fouad Hassan,,,,,,
mawed_0071.jpg,Al-Mawed,اتفرج يا سلام على شاشة التلفزيون,What a Show on the Television Screen,,,,,,
mawed_0072.jpg,Al-Mawed,الاطفال في التلفزيون,Children on Television,,,,,,
mawed_0073.jpg,Al-Mawed,يستعمل النفط لاغرلط شتى,Oil is Used for Various Purposes,,,,,,
mawed_0074.jpg,Al-Mawed,على شاشة سينيما بيروا:عاشت للحب,On the Screen of Beirut Cinema: She Lived for Love,,,,,,
mawed_0075.jpg,Al-Mawed,عروس بيروت الجديدة,The New Bride of Beirut,,,,,,
mawed_0076.jpg,Al-Mawed,مديحة بطلة فلم العاطفي الكبير: قلب يحترق,Madiha: Heroine of the Great Romantic Film: A Heart on Fire,,,,,,
mawed_0077.jpg,Al-Mawed,مع محمد فوزي ومديحة يسرى: قبل وبعد الطلاق بساعات,With Mohamed Fawzi and Madiha Yusri: Hours Before and After the Divorce,,,,,,
mawed_0078.jpg,Al-Mawed,ازمة بين ام كلثوم ورىس الوزراء,A Crisis Between Umm Kulthum and the Prime Minister,,,,,,
mawed_0079.jpg,Al-Mawed,لم ياكلها احد في صحاري سيتي,No One Got Away With It in Sahara City,,,,,,
mawed_0080.jpg,Al-Mawed,ازمة بين ام كلثوم ورىس الوزراء,A Crisis Between Umm Kulthum and the Prime Minister,,,,,,
mawed_0081.jpg,Al-Mawed,حكايات النجوم,Stories of the Stars,,,,,,
mawed_0082.jpg,Al-Mawed,ايام وليالي: اين ذهبت ارباح فيروز,Days and Nights: Where Did Fairuz's Profits Go,,,,,,
mawed_0083.jpg,Al-Mawed,هل يمسح عماد حمدي دموع شادية,Will Emad Hamdi Wipe Away Shadia's Tears,,,,,,
mawed_0084.jpg,Al-Mawed,هكذا ظهرت شادية بالثيياب الفاضحة اما مال الشناوي على الشاشة طبعل,This Is How Shadia Appeared in Revealing Clothes Opposite Mal Al-Shennawi on Screen of Course,,,,,,
mawed_0085.jpg,Al-Mawed,عندما تتحدث زهرة العلى عن الحب,When Zahra Al-Ula Speaks About Love,,,,,,
mawed_0086.jpg,Al-Mawed,خاطفة الازواج,The Husband Snatcher,,,,,,
mawed_0087.jpg,Al-Mawed,اعترافات جين مانسفيلد:لن اخفي مفاتن جسدي عن اي احد,Jayne Mansfield's Confessions: I Will Not Hide My Body's Charms From Anyone,,,,,,
mawed_0088.jpg,Al-Mawed,اغنية جديدة:م الباب للشباك,A New Song: From the Door to the Window,,,,,,
mawed_0089.jpg,Al-Mawed,في قلبها سر,In Her Heart a Secret,,,,,,
mawed_0090.jpg,Al-Mawed,معهد شماس للرقص,Shamas Dance Institute,,,,,,
mawed_0091.jpg,Al-Mawed,مرحبا ايها الضحك,Welcome O Laughter,,,,,,
mawed_0092.jpg,Al-Mawed,٢٠ سوال تجيب عليهم ام بسام,20 Questions Answered by Umm Bassam,,,,,,
mawed_0093.jpg,Al-Mawed,رحلة الاربعة الى مغارة العجب,The Journey of the Four to the Cave of Wonders,,,,,,
mawed_0094.jpg,Al-Mawed,الحياة في امريكا,Life in America,,,,,,
mawed_0095.jpg,Al-Mawed,جسد للعيون فقط,A Body for Eyes Only,,,,,,
mawed_0096.jpg,Al-Mawed,دعاء الكروان:قصة الدكتور طه حسين,The Call of the Curlew: The Story of Dr. Taha Hussein,,,,,,
mawed_0097.jpg,Al-Mawed,الموعد:احجز نسختك من الباىع منذ الان,Al-Mawed: Reserve Your Copy from the Vendor Now,,,,,,
mawed_0098.jpg,Al-Mawed,همسات من وراء الستار: اغنية لنجاة الصغير في المحكمة,Whispers from Behind the Curtain: A Song by Nagat Al-Saghira in Court,,,,,,
mawed_0099.jpg,Al-Mawed,مراهقات من احسن طراز:لفيلم ماجدة!,Teenagers of the Finest Kind: For Magda's Film!,,,,,,
mawed_0100.jpg,Al-Mawed,فيرة سنبل ترفض الرقابة العائلية,Vera Sunbul Rejects Family Supervision,,,,,,
mawed_0101.jpg,Al-Mawed,بريد خاص لميكي ماوس,Special Mail for Mickey Mouse,,,,,,
mawed_0102.jpg,Al-Mawed,الموعد الممتاز يصدر في ١٥ كانون الاول,The Excellent Al-Mawed is Published on the 15th of December,,,,,,
mawed_0103.jpg,Al-Mawed,زبيدة ثروت تدعو فاتن حمامة للوقوف اما الكاميرا,Zubaida Tharwat Invites Faten Hamama to Stand Before the Camera,,,,,,
mawed_0104.jpg,Al-Mawed,الملاين يحبون عبد الحليم حافظ لانه ليس من انصاف الالهة,Millions Love Abdel Halim Hafez Because He is Not of the Demigods,,,,,,
mawed_0105.jpg,Al-Mawed,الكاميرا تدور,The Camera is Rolling,,,,,,
mawed_0107.jpg,Al-Mawed,مذيعون روميهات ١٩٦٠,Broadcasters: Roumieh Women 1960,,,,,,
mawed_0108.jpg,Al-Mawed,ايام الليل:تلفون من فوزي وبكاء من مديحة,Nights: A Phone Call from Fawzi and Tears from Madiha,,,,,,
mawed_0109.jpg,Al-Mawed,خطر يهدد مهرجانات بعلبك: فيروز لن تغني,A Threat to the Baalbeck Festivals: Fairuz Will Not Sing,,,,,,
mawed_0110.jpg,Al-Mawed,خطر يهدد مهرجانات بعلبك: فيروز لن تغني,A Threat to the Baalbeck Festivals: Fairuz Will Not Sing,,,,,,
mawed_0111.jpg,Al-Mawed,غرام جديد بين فايزة احمد والبنك الاهلى,A New Romance Between Fayza Ahmed and the National Bank,,,,,,
mawed_0112.jpg,Al-Mawed,سوال للجمهور: هل تخلع نجوى فواد بدلة القص لتحتفظ باحمد فواد حسن,A Question for the Audience: Will Najwa Fouad Take Off Her Dance Costume to Keep Ahmed Fouad Hassan,,,,,,
mawed_0113.jpg,Al-Mawed,حقيبة القراء,The Readers' Mailbag,,,,,,
mawed_0114.jpg,Al-Mawed,شبح رهيب في بيت نجاة الصغير تحاربه باغنية,A Terrifying Ghost in Nagat Al-Saghira's House — She Fights It With a Song,,,,,,
mawed_0115.jpg,Al-Mawed,هذه الشقراء تمد ليانها للدلوعة شادية,This Blonde Extends Her Charms to the Pampered Shadia,,,,,,
mawed_0116.jpg,Al-Mawed,الفتاة التي تمثل امام عبد الحليم حاظ لها قصة: زيزي البدوي لمذا يحاول حسن الامام خنقها,The Girl Who Acts Opposite Abdel Halim Hafez Has a Story: Zizi Al-Badawi — Why Is Hassan Al-Imam Trying to Strangle Her?,,,,,,
mawed_0117.jpg,Al-Mawed,اغنية جديدة,A New Song,,,,,,
mawed_0118.jpg,Al-Mawed,واقفة عالبحر,Standing by the Sea,,,,,,
mawed_0119.jpg,Al-Mawed,مرحبا ايها الضحك,Welcome O Laughter,,,,,,
mawed_0120.jpg,Al-Mawed,طروب تجيب علي ٢٠ سوال,Taroub Answers 20 Questions,,,,,,
mawed_0121.jpg,Al-Mawed,محمد الموجي تحرقه اغنية نار,Mohamed Al-Mawji is Burned by a Song of Fire,,,,,,
mawed_0123.jpg,Al-Mawed,فتى الفضاىح الاول في هوليود,Hollywood's Number One Scandal Boy,,,,,,
mawed_0124.jpg,Al-Mawed,مرحبا ايها الضحك,Welcome O Laughter,,,,,,
mawed_0125.jpg,Al-Mawed,طعام صحي,Healthy Food,,,,,,
mawed_0126.jpg,Al-Mawed,هكذا ولدت (التلفزيون),This Is How (Television) Was Born,,,,,,
mawed_0127.jpg,Al-Mawed,ظهر الرجل الثالث في حباة صباح,The Third Man Has Appeared in Sabah's Life,,,,,,
mawed_0128.jpg,Al-Mawed,حكايات جديدة لشهرزاد فخر الدين,New Tales for Scheherazade Fakhr El-Din,,,,,,
mawed_0129.jpg,Al-Mawed,الربيع اصبح زوجة للرجل الذي احب,Al-Rabie Has Become the Wife of the Man She Loved,,,,,,
mawed_0130.jpg,Al-Mawed,في صندوق بريد ماجدة قصة غرام،من ليبيريا,In Magda's Mailbox: A Love Story from Liberia,,,,,,
mawed_0131.jpg,Al-Mawed,تساقطت اوراق الروزنامة وعادت نجمة الوشوشة,The Calendar Pages Have Fallen and the Star of Whispering Has Returned,,,,,,
mawed_0132.jpg,Al-Mawed,٢٠ سوال وسميرة توفيق,20 Questions and Samira Tawfiq,,,,,,
mawed_0133.jpg,Al-Mawed,يستعمل النفط لاغراض شتى,Oil is Used for Various Purposes,,,,,,
mawed_0134.jpg,Al-Mawed,كرافتات السوالسولكا تتحول الي مفتاح لفلب محمد فوزي,Polka-Dot Ties Become a Key to Mohamed Fawzi's Heart,,,,,,
mawed_0135.jpg,Al-Mawed,فضيحة في سينما:تمثيلية ذات ٦ مشهاد,A Scandal in Cinema: A Play in 6 Scenes,,,,,,
mawed_0139.jpg,Al-Mawed,عبد السلام النابلسي في باريس:حاميها حراميها,Abdel Salam Al-Nabulsi in Paris: The Guardian is the Thief,,,,,,
mawed_0140.jpg,Al-Mawed,يستعمل النفط لاغراض شتى,Oil is Used for Various Purposes,,,,,,
mawed_0141.jpg,Al-Mawed,نزولا عند طلب الجماهير تقدم:سينما اوبر,In Response to Public Demand Opera Cinema Presents,,,,,,
mawed_0142.jpg,Al-Mawed,الخياط الشهير فواد رحمة,The Famous Tailor Fouad Rahma,,,,,,
mawed_0143.jpg,Al-Mawed,مجلة القراء: فاتن حمامة كوكب القراء,The Readers' Magazine: Faten Hamama — Star of the Readers,,,,,,
mawed_0144.jpg,Al-Mawed,طيران الشرق الاوسط: اسطنبول، فينا،فرانكفورت,Middle East Airlines: Istanbul Vienna Frankfurt,,,,,,
mawed_0145.jpg,Al-Mawed,افتح لي قلبك,Open Your Heart to Me,,,,,,
mawed_0146.jpg,Al-Mawed,بريد خاص لميكي ماوس,Special Mail for Mickey Mouse,,,,,,
mawed_0147.jpg,Al-Mawed,سر شباب عبد الوهاب,The Secret of Abdel Wahhab's Youth,,,,,,
mawed_0148.jpg,Al-Mawed,تقدم قريبا:ادافع عن حبي,Coming Soon: I Defend My Love,,,,,,
mawed_0149.jpg,Al-Mawed,الاطباء عالجو صباح بالموسيقى,The Doctors Treated Sabah With Music,,,,,,
mawed_0150.jpg,Al-Mawed,فضيحة الموسم في لندن: بالقوة اراد لورنس اوليفييه الاستمتاع بجسد اودري هيبورن,The Season's Scandal in London: Laurence Olivier Wanted to Forcibly Enjoy Audrey Hepburn's Body,,,,,,
mawed_0151.jpg,Al-Mawed,نادي عبد الحليم حافظ للكبار والصصغار,Abdel Halim Hafez Club for Adults and Children,,,,,,
mawed_0152.jpg,Al-Mawed,سعاد حسني: اختها نجاة الصغيرة وتقلد فاتن حمامة وتحب مطلق صباح,Soad Hosni: Her Sister is Nagat Al-Saghira She Imitates Faten Hamama and She Loves Sabah's Ex-Husband,,,,,,
mawed_0153.jpg,Al-Mawed,الموعد تسجل:رقصة كامل لنجوى فواد,Al-Mawed Records: A Complete Dance by Najwa Fouad,,,,,,
mawed_0156.jpg,Al-Mawed,٢٠ سوال تجيب عليها جواهر,20 Questions Answered by Jawaher,,,,,,
mawed_0157.jpg,Al-Mawed,ذهب مع الربيع,He Left With the Spring,,,,,,
mawed_0158.jpg,Al-Mawed,امنية حسان هوليوود المشهورات,Omnia Hassan: Hollywood's Celebrities,,,,,,
mawed_0159.jpg,Al-Mawed,مسابقة جديدة: خطا في هذه الصورة ما هو؟,A New Contest: What is the Mistake in This Picture?,,,,,,
mawed_0160.jpg,Al-Mawed,اقراص تيوكلي:ضد السعال ، مفيد للحنجرة، يزيل الاتهابات,Tiukli Tablets: Against Cough Beneficial for the Throat Relieves Inflammation,,,,,,
mawed_0161.jpg,Al-Mawed,روزات:يستعمله الرجال والسيدات,Rouzat: Used by Men and Women,,,,,,
mawed_0162.jpg,Al-Mawed,كوريكوم:اينما كنت واينما ذهبت ضع في حقيبتك اصبع الكوريكروم,Coricum: Wherever You Are and Wherever You Go Keep a Tube of Coricum in Your Bag,,,,,,
mawed_0165.jpg,Al-Mawed,احمد فراج هل يكون الزواج الخامس في حيات صباح,Ahmed Faraj: Will He Be the Fifth Marriage in Sabah's Life?,,,,,,
mawed_0166.jpg,Al-Mawed,ب.ب هل تعتزل التمثيل من اجل نيقولا,B.B.: Will She Retire from Acting for Nicolas?,,,,,,
mawed_0167.jpg,Al-Mawed,الوجودية بعد الطلاق:مريم فخر الدين تنافس مارلين مونرو,Existentialism After Divorce: Maryam Fakhr El-Din Rivals Marilyn Monroe,,,,,,
mawed_0168.jpg,Al-Mawed,مهرجان بعلبك غير مكتمل العتاصر,The Baalbeck Festival is Incomplete in its Elements,,,,,,
mawed_0169.jpg,Al-Mawed,العروسة:عدد ممتاز غير عادي,The Bride: An Exceptional and Extraordinary Issue,,,,,,
mawed_0170.jpg,Al-Mawed,نهارك سعيد/كوكب الفلاف,Good Day to You / The Falafel Planet,,,,,,
mawed_0171.jpg,Al-Mawed,مديحة يسرى بدون حب ولا زواج,Madiha Yusri: Without Love or Marriage,,,,,,
mawed_0172.jpg,Al-Mawed,نازك الملائكة في شظايا ورماد,"Nazik Al-Malaika in ""Splinters and Ashes""",,,,,,
mawed_0173.jpg,Al-Mawed,إنّهَا حَقَائِقْ ! وَلَكنهَا أغْرَبٌ مِنَ الخَيَال ! سَوفَ تطالِعهَا بمتعَةٍ وَلَذَّة في الخليج العَربي أبرز كتاب ظهر حتىّ الحيوم عَن خليجنا الأخضر الملئ بالثروات والمطامع والأسرار الفايضة,"These Are Facts! But They Are Stranger Than Fiction! You Will Read Them With Pleasure and Delight in ""The Arab Gulf"" — The Most Outstanding Book Published to Date About Our Green Gulf Full of Riches Ambitions and Overflowing Secrets",,,,,,
mawed_0174.jpg,Al-Mawed,ندوة القراء,The Readers' Roundtable,,,,,,
mawed_0176.jpg,Al-Mawed,هذه هي الشبكة الثانية من الكلمات المتقاطعة التي نقدمها لهواة هذه اللعبة المسلية والمفيدة في نفس الوقت وبالمناسبة نلفت انظار حضرات القراء والقارئات الى ان (العروسة) على استعداد تأم لتقبل الشبكات التي يرسلونها شرط أن تكون مصحوبة بالحل الصحيح,This Is the Second Crossword Puzzle Grid We Present to Fans of This Entertaining and Useful Game. On This Occasion We Draw the Attention of Our Dear Readers — Male and Female — That (Al-Arousa) Is Fully Prepared to Accept the Grids They Send Provided They Are Accompanied by the Correct Solution,,,,,,
mawed_0177.jpg,Al-Mawed,كلمة ونص. جريدة اسبوعيةفنية مصورة,A Word and a Half: An Illustrated Weekly Arts Newspaper,,,,,,
mawed_0178.jpg,Al-Mawed,قيس وليلى في الشرق وروميو وجوليت في الغرب,Qays and Layla in the East and Romeo and Juliet in the West,,,,,,
mawed_0179.jpg,Al-Mawed,لولا الافعى لما عرفنا الحب,Had It Not Been for the Serpent We Would Never Have Known Love,,,,,,
mawed_0180.jpg,Al-Mawed,الحب في الاساطير، ٤ رجال وخرافة واحدة,Love in Myths: 4 Men and One Legend,,,,,,
mawed_0181.jpg,Al-Mawed,الكاميرا تدور، الاستاذ اميل دبغي، صاحب سينما الحمراء في بيروت، اتيحت له فرصة ذهبية ليشهد تصوير الفيلم الكوميدي (( ارض الصحاري,"The Camera is Rolling: Mr. Emil Dabaghi Owner of Al-Hamra Cinema in Beirut Was Given a Golden Opportunity to Witness the Filming of the Comedy ""Land of the Deserts""",,,,,,
mawed_0182.jpg,Al-Mawed,حاليا وبنجاح كبير في سينما بيروت (لقاء في الغروب),"Currently Showing to Great Success at Beirut Cinema: ""A Meeting at Sunset""",,,,,,
mawed_0183.jpg,Al-Mawed,الأخطيوط الصّهيوني يتبلع شركات السينما، موجة من الأفلام الصهيونية تغمر العالم,The Zionist Octopus Swallows Film Companies: A Wave of Zionist Films Floods the World,,,,,,
mawed_0184.jpg,Al-Mawed,الدعاية الاولية لفلم خروج في الصحب الامريكية (exodus,"The Initial Publicity for the Film ""Exodus"" in the American Press",,,,,,
mawed_0185.jpg,Al-Mawed,صفحات لم تنشر من غراميات عبد الوهاب، الموسيقار الدون جوان يخطف عشيقة العقاد,Unpublished Pages from Abdel Wahhab's Love Affairs: The Don Juan Composer Steals Al-Aqqad's Mistress,,,,,,
mawed_0186.jpg,Al-Mawed,في عيادة الطبيب بدون تعليق,At the Doctor's Clinic: No Comment,,,,,,
mawed_0187.jpg,Al-Mawed,زبيدة ثروت الملاك الصغير الذي هبط لبنان لم يعكر الحب صفو قلبه الابيض,Zubaida Tharwat: The Little Angel Who Descended Upon Lebanon — Love Did Not Trouble the Serenity of Her Pure White Heart,,,,,,
mawed_0188.jpg,Al-Mawed,كتاب العروسة الفني حياة النجوم بلارتوش يكشف لك عنها الصحفي المعروف عبد النور خليل في اقوى سلسلة من نوعها,Al-Arousa's Arts Book: The Stars' Lives Without Retouching — Revealed to You by the Well-Known Journalist Abdel Nour Khalil in the Most Powerful Series of Its Kind,,,,,,
mawed_0190.jpg,Al-Mawed,الزوج او الرقص امام الراقصة نجوى فؤاد طريقين اننين لا ثالث لهما .. هما اما ان تختار الرقص ومجده .. او الزوج وحبه,The Husband or the Dance: Before the Dancer Najwa Fouad Stand Two Paths and No Third — Either She Chooses Dance and Its Glory or a Husband and His Love,,,,,,
mawed_0191.jpg,Al-Mawed,حكاية حب في حياة يوسف وهبي,A Love Story in the Life of Youssef Wahbi,,,,,,
mawed_0192.jpg,Al-Mawed,سلامة عيون .. ام كلتوم, كوكب الشرق تحزم امتعتها للسفر الي الخارج لعلاج عيون,,,,,,
mawed_0193.jpg,Al-Mawed,خطابات النجوم(فاتن حمامة تبحث عن مترجم و عبدالحليم يتزوج معجبة,Stars' Letters: Faten Hamama Searches for a Translator and Abdel Halim Marries a Fan,,,,,,
mawed_0194.jpg,Al-Mawed,في الاستوديو: المصور : مش معقول يا مدام يكونُ عمر المحروسة ٨ أشهر بس,"In the Studio — The Photographer: ""Impossible Madam for the Little One to Be Only 8 Months Old!""",,,,,,
mawed_0195.jpg,Al-Mawed,ناولني قميص النوم يا عفيف وأطفي النور الكبير وواع انور الصغير (العروسة),Hand Me My Nightgown Afif — Turn Off the Big Light and Leave On the Small One (Al-Arousa),,,,,,
mawed_0197.jpg,Al-Mawed,صباح:استاذة في الحب,Sabah: A Professor in Love,,,,,,
mawed_0198.jpg,Al-Mawed,حالياً بنجاح كبير في سينما الامبير ماري كويني: عزام في الصحراء,Currently Showing to Great Success at Empire Cinema: Mary Queenie — Azzam in the Desert,,,,,,
mawed_0199.jpg,Al-Mawed,صور مثيرة ... وافلام خلاعية:,Provocative Images and Indecent Films,,,,,,
mawed_0200.jpg,Al-Mawed,عاشقة الليل ليَست قصَّة بل ديوان شعر . كل قصيدة فيه قصة,Lover of the Night — Not a Story But a Collection of Poetry: Every Poem in It Is a Story,,,,,,
mawed_0201.jpg,Al-Mawed,العروسة في مهرجان كان,Al-Arousa at the Cannes Festival,,,,,,
mawed_0202.jpg,Al-Mawed,الفيلم الذي حاربه الفاتتكان يفوز بجائزة مهرجان كان,The Film That the Vatican Fought Wins the Cannes Festival Prize,,,,,,
mawed_0203.jpg,Al-Mawed,لا مكان لسمر يلدز» في القاهرة,"No Place for ""Samar Yildiz"" in Cairo",,,,,,
mawed_0204.jpg,Al-Mawed,اناقة وجمال في كازينولبنان,Elegance and Beauty at Casinos in Lebanon,,,,,,
mawed_0205.jpg,Al-Mawed,جريدة التلفزيون,The Television Newspaper,,,,,,
mawed_0206.jpg,Al-Mawed,ترقبوا عرض هذا الفيلم الجبار عصابة الموت,Stay Tuned for the Screening of This Mighty Film: The Death Gang,,,,,,
mawed_0207.jpg,Al-Mawed,وفيق العلايلي:في قلبي نار,Wafiq Al-Alayli: In My Heart a Fire,,,,,,
mawed_0208.jpg,Al-Mawed,لكاميرا أنشط كيوبر سينامائي,The Camera: The Most Active Cinematic Cupid,,,,,,
mawed_0209.jpg,Al-Mawed,النيران الخامدة,The Smoldering Flames,,,,,,
mawed_0210.jpg,Al-Mawed,صحيح يا حبيبي غرقت الباخرة كرمالي؟,Is It True My Love That the Ship Sank Because of Me?,,,,,,
mawed_0211.jpg,Al-Mawed,الفصل الثالث,The Third Chapter,,,,,,
mawed_0213.jpg,Al-Mawed,الفصل السابع,The Seventh Chapter,,,,,,
mawed_0214.jpg,Al-Mawed,في بلاط فريد الأطرش لماذا سقطت اسهم مريم فخر الدين وارتفعت اسهم سميرة احمد,In the Court of Farid Al-Atrash: Why Did Maryam Fakhr El-Din's Stock Fall and Samira Ahmed's Stock Rise,,,,,,
mawed_0215.jpg,Al-Mawed,كلمة ونص جريدة فنية اسبوعية مصورة,A Word and a Half: An Illustrated Weekly Arts Newspaper,,,,,,
mawed_0216.jpg,Al-Mawed,اقرا كتاب: حب الملوك والسلاطين,Read the Book: The Love of Kings and Sultans,,,,,,
mawed_0217.jpg,Al-Mawed,تسلية:الوصول الي القمر,Entertainment: Reaching the Moon,,,,,,
mawed_0218.jpg,Al-Mawed,كلمة ونص جريدة فنية اسبوعية مصورة,A Word and a Half: An Illustrated Weekly Arts Newspaper,,,,,,
mawed_0219.jpg,Al-Mawed,سينامئيات: طردت مارلين مونرو مصوري الصحف الذين دخلوا استوديوهات شركة فوكس القرن العشرين اثناء تصوير فيلمها الجديد («مستر ك) والذي تضطلع فيه بدور راقصة وجودية,"Cinematics: Marilyn Monroe Expelled the Press Photographers Who Entered Twentieth Century Fox Studios During the Filming of Her New Film ""Mr. K"" in Which She Plays the Role of an Existentialist Dancer",,,,,,
mawed_0220.jpg,Al-Mawed,في سينميا كايرو: سر طاقية الاخفاء,At Cairo Cinema: The Secret of the Invisibility Cap,,,,,,
mawed_0221.jpg,Al-Mawed,ماجدة فى مشهد من فيلم (( جميلة الجزائرية ) الذي اقام العالم العربي واقعده,"Magda in a Scene from the Film ""Jamila the Algerian"" Which Stirred Up the Entire Arab World",,,,,,
mawed_0222.jpg,Al-Mawed,اختار المخرج الاستاذ احمد الطوخي خمسة نجوم سينمائية لبنانية، عمل معها، وامسك مشرطه - الذي لا يخطء - بنصحها دائما بان تكون واخذ يعمل بها تشريحا، ليقدمها الى القراء عارية الا من ملابسها,Director Mr. Ahmed Al-Tukhi Chose Five Lebanese Film Stars He Had Worked With and Took Up His Infallible Scalpel — Always Advising Them to Be Natural — and Began to Dissect Them Analytically in Order to Present Them to the Readers Bare of All But Their Clothes,,,,,,
mawed_0223.jpg,Al-Mawed,سينيما دانيا:الفيلم الذي حطم الارقام القياسية فى الايرادات (حكاية حب),"Dania Cinema: The Film That Broke Box Office Records — ""A Love Story""",,,,,,
mawed_0224.jpg,Al-Mawed,عبد الحاليم حافظ التركي يُدوخ فتيات الأناضول,The Turkish Abdel Halim Hafez Makes the Girls of Anatolia Swoon,,,,,,
mawed_0226.jpg,Al-Mawed,في الحقيبة الكهرمانية: رزمة مفاتيح+ رساىل غرامية+علبة شكلتز,In the Amber Handbag: A Bunch of Keys + Love Letters + A Box of Chocolates,,,,,,
mawed_0227.jpg,Al-Mawed,تقرير صحفي قديم عن فيلم ألماني يصور معتقلات النازية وطريقة توزيعه عالمياً,An Old Press Report on a German Film Depicting Nazi Detention Camps and the Method of Its Global Distribution,,,,,,
mawed_0228.jpg,Al-Mawed,الحسناء الصهيونية حبيبة الضابط الالماني مع والدها,The Zionist Beauty: The German Officer's Beloved With Her Father,,,,,,
mawed_0229.jpg,Al-Mawed,برشامية السم؟! المانيا تنتج افلام صهيونية,The Poison Pill?! Germany Produces Zionist Films,,,,,,
mawed_0230.jpg,Al-Mawed,صور واخبار,Photos and News,,,,,,
mawed_0231.jpg,Al-Mawed,الشركة العربية للسنما تقدم برامجها ١٩٥٩-١٩٦٠,The Arab Cinema Company Presents Its Programs 1959–1960,,,,,,
mawed_0232.jpg,Al-Mawed,فريد الاطرش يعاني مرض نفسي اسمه عبد الحليم حافظ,Farid Al-Atrash Suffers from a Mental Illness Named Abdel Halim Hafez,,,,,,
mawed_0233.jpg,Al-Mawed,نزهة واحسان وشهر العسل,Nuzha and Ihsan and the Honeymoon,,,,,,
mawed_0235.jpg,Al-Mawed,احسان صادق يضع الفيتو على مفاتن نزهه يونس,Ihsan Sadiq Vetoes Nuzha Yunis's Charms,,,,,,
mawed_0236.jpg,Al-Mawed,اقبال ماذا تفعل في سويسرا,Iqbal: What Are You Doing in Switzerland?,,,,,,
mawed_0237.jpg,Al-Mawed,الطلاق يطرق باب جاكلين موترو و عفيف رضوان,Divorce Knocks on the Door of Jacqueline Motrou and Afif Ridwan,,,,,,
mawed_0238.jpg,Al-Mawed,هذه الصورة مهداة الى جامعة الدول العربية,This Photo is Dedicated to the Arab League,,,,,,
mawed_0239.jpg,Al-Mawed,فرنسواز ارنول في معسكرات اسراىيل,Françoise Arnoul in Israel's Military Camps,,,,,,
mawed_0240.jpg,Al-Mawed,لأول مرة عبد الوهاب يردّ على اتهامات فريد الأطرش هرم النغم يبحث عن قصة تليق به,For the First Time: Abdel Wahhab Responds to Farid Al-Atrash's Accusations — The Pyramid of Melody Searches for a Story Worthy of Him,,,,,,
mawed_0241.jpg,Al-Mawed,من اجل عيون فاتن,For the Sake of Faten's Eyes,,,,,,
mawed_0242.jpg,Al-Mawed,بول انكا على سيقان حسناوات ايطاليا,Paul Anka on the Legs of Italy's Beauties,,,,,,
mawed_0243.jpg,Al-Mawed,"فريد الأطرش يفتح قلبه ...نعم هناك حملة... عبد الحليم فنان.. ولكن.. أحببت امرأة في حياتي... لن أتزوج لأني لا أريد أن أكون ""جرذلاً""","Farid Al-Atrash Opens His Heart: ""Yes There Is a Campaign Against Me"" / ""Abdel Halim Is an Artist... But..."" / ""I Have Loved One Woman in My Life..."" / ""I Will Not Marry Because I Don't Want to Be a Scoundrel""",,,,,,
mawed_0244.jpg,Al-Mawed,من هنا وهناك: مهرجانات بعلبك,From Here and There: The Baalbeck Festivals,,,,,,
mawed_0245.jpg,Al-Mawed,الزوج الثالث للمرة الثالثة .. دخلت صباح القفص الزوجي .. ولا احد يعلم سوى الله وحده مقدار المدة التي ستقضيها مع الزوج الثالث المذيع الخجول احمد فرج,The Third Husband: For the Third Time Sabah Has Entered the Marital Cage — and No One Knows Except God Alone How Long She Will Spend With the Third Husband: The Shy Broadcaster Ahmed Faraj,,,,,,
mawed_0246.jpg,Al-Mawed,العلاقات الخطرة بين الجنسين/ اديب مروة يقدم,Dangerous Relations Between the Sexes — Presented by Adib Muruwwa,,,,,,
alam_0001.jpg,Al-alam,من منتخبات العالم,From the World's Selected Works,,,,,,
alam_0002.jpg,Al-alam,الافلام الجديدة: عصابة الخاطفين,New Films: The Kidnapper Gang,,,,,,
alam_0003.jpg,Al-alam,إعلان دنلوبيللو: مخدات دنلوبيللو تحافظ على برودتها وتعمر طويلاً - إعلان بريلكريم: الرجال البارزون في كل العالم يستعملون بريلكريم لنعومة الشعر ومنظره الطبيعي,Ad: Dunlopillo Pillows — Stay Cool and Last Long with Excellent Quality. Also Available: Mattresses Backrests and Cushions / Ad: Brylcreem Hair Cream — Prominent Men Worldwide Use Brylcreem for Smooth Natural-Looking Hair,,,,,,
alam_0004.jpg,Al-alam,شجرة الزيتون,The Olive Tree,,,,,,
alam_0005.jpg,Al-alam,أشكر كولجيت فهو سبب نجاحى: يجعل للفم رائحة زكية ويحميى الأسنان,I Thank Colgate — It Is the Reason for My Success: It Gives the Mouth a Pleasant Fragrance and Protects the Teeth,,,,,,
alam_0006.jpg,Al-alam,إعلان روزز: اشرب عصير ليم روزز يعطيك صحة وحيوية كالفاكهة الطازجة - إعلان باتشلورز: بسلة باتشلورز تجعل وجبة الطعام مدهشة - إعلان تايد: تايد الممتاز الجديد ينظف ملابسكم أفضل من أي صنف آخر,Ad: Rose's Lime Juice — Drink Rose's Lime Juice for Health and Vitality Just Like Fresh Fruit / Ad: Batchelors Peas — The Family Says Unanimously Batchelors Peas Make the Meal Amazing! / Ad: New Superior Tide Washing Powder Cleans Your Clothes Better Than Any Other Brand,,,,,,
alam_0007.jpg,Al-alam,ما اغرب هذا العالم,How Strange This World Is,,,,,,
alam_0008.jpg,Al-alam,صابون لوكس للتواليت: بريجيت باردو ذات الجمال الجذاب تحافظ على بشرتها باستعمال الصابون الناعم,Lux Toilet Soap: Brigitte Bardot — The Captivating Beauty Maintains Her Skin by Using the Gentle Soap,,,,,,
alam_0009.jpg,Al-alam,الافلام الجديدة: يقظة الحب في الادغال,New Films: The Awakening of Love in the Jungle,,,,,,
alam_0010.jpg,Al-alam,حكايات عن النجوم,Tales About the Stars,,,,,,
alam_0011.jpg,Al-alam,قبلة سينيماىية تدوم ٣ اشهر,A Cinematic Kiss That Lasts 3 Months,,,,,,
alam_0012.jpg,Al-alam,قصة العدد: شبيهان ينتصان,The Issue's Story: Two Lookalikes Triumph,,,,,,
alam_0013.jpg,Al-alam,سجائر كرافان ١: تباع في ١٢٠ دولة مشهورة في العالم اجمع,Caravan Cigarettes No.1: Sold in 120 Countries — Famous Throughout the Entire World,,,,,,
alam_0014.jpg,Al-alam,معدات تنس الطاولة بارك يختارها دائما الحائزون على البطولة - نير للسيدات العصريات,"Park Table Tennis Equipment: Always Chosen by Championship Winners / ""Nir"" for Modern Ladies",,,,,,
alam_0015.jpg,Al-alam,هبي بشرتك حناناً ونعومة بالمولڤ / صابون بالمولڤ حناناً للبشرة نعومة وشباباً [right column: 3 Iraqi news photos — captions unclear in scan],"Give Your Skin Tenderness and Softness with Palmolive / Palmolive Soap: Tenderness for the Skin, Softness and Youth [right column: 3 Iraqi news photos — captions unclear in scan]",,,,,,
alam_0016.jpg,Al-alam,مختارات من صور القراء / كل صورة تنشر في هذه الصفحة يتلقى مرسلها ١٠ ليرات لبنانية / أصحاب الأجسام الكاملة [multiple small reader-submitted photo captions — unclear in scan],Selected from Readers' Photos / Every Photo Published on This Page — The Sender Receives 10 Lebanese Liras / Those With Perfect Bodies (bodybuilders section) [multiple small reader-submitted photo captions — unclear in scan],,,,,,
alam_0017.jpg,Al-alam,فاب - مسحوق الغسيل الجديد العجيب من أمريكا / حتى إذا استعملت الماء الباردة يجعل الملابس أنظف وأكثر بياضاً / ٣ عمليات سهلة: إنقعي الملابس - أعصريها - أنشريها / أحد المنتجات الأمريكية الممتازة من صنع كولجيت-بالموليف,FAB — The Amazing New Washing Powder from America / Even When You Use Cold Water It Makes Clothes Cleaner and Whiter / 3 Easy Steps: Soak the Clothes — Wring Them — Hang Them / One of the Outstanding American Products Made by Colgate-Palmolive,,,,,,
alam_0018.jpg,Al-alam,نصائح الطبيب - أمراض الرئة [medical advice article — long body text unclear in scan] / بيبسودنت الذي يحتوي على أيريوم ينظف ما لا يمكن أن تصل إليه معاجين الأسنان الأخرى / بيبسودنت هو معجون الأسنان الوحيد الذي يحتوي على أيريوم,Doctor's Advice — Lung Diseases [medical advice article — long body text unclear in scan] / Pepsodent With Irium Cleans What Other Toothpastes Cannot Reach / Pepsodent Is the Only Toothpaste That Contains Irium,,,,,,
alam_0019.jpg,Al-alam,السيدة الناجحة تقدر أهمية ابتسامتها - لهذا تستعمل كولينوس / السيدة الناجحة تطلب دائماً كولينوس / الأوجاع والآلام اختفت! بفضل مروخ سلون - مروخ سلون يبقى مسكناً للألم / تكون سعيداً باختيارك فالور - لتحسين الأداء والاقتصاد الوفير - طبخة فالور رقم ١٢,"Kolynos Toothpaste: The Successful Lady Appreciates the Importance of Her Smile — That Is Why She Uses Kolynos / The Successful Lady Always Asks for Kolynos / Sloan's Liniment: Aches and Pains Have Disappeared! Thanks to Sloan's Liniment — Sloan's Liniment Remains a Pain Reliever / Valor: Be Happy With Your Choice — Valor — For Improved Performance and Great Economy — Valor Cooker No.12 (The Valor Co. Ltd., Erdington, Birmingham, England)",,,,,,
alam_0020.jpg,Al-alam,إنه يشد بالفخر لأن جاكيته مغسولة بسيرف / سيرف يجعل الغسيل أكثر بياضاً!,[Ad: Surf detergent] He Beams with Pride Because His Jacket Was Washed with Surf / Surf Makes the Laundry Whiter!,,,,,,
alam_0026.jpg,Al-alam,,,0026_L1,العلم,Al-Alam,الجديد في دنيا المرأة - زوخا مطر,The new in the woman's world by Zoukha Mattar,A cultural page focusing on modern women's affairs and lifestyle.
alam_0027.jpg,Al-alam,,,0027_L1,قبلات وصفعات,Kisses and Slaps,في مربع أوتيل بريستول,In the Bristol Hotel square,A social commentary piece about events at the Bristol Hotel.
alam_0028.jpg,Al-alam,,,0028_L1,العلم,Al-Alam,الأم هي الجانب المنظور من وجه الله,The mother is the visible side of God's face.,A philosophical and social piece reflecting on motherhood.
alam_0029.jpg,Al-alam,,,0029_L1,العلم,Al-Alam,داتسون سيارة الشعب المفضلة - كوينز أفخم صالون ملوكي بالكويت,Datsun: the people's favorite car / Queens: the most luxurious royal salon in Kuwait,A page featuring commercial advertisements for Datsun cars and Queens salon.
alam_0030.jpg,Al-alam,,,0030_L1,لبنان,Lebanon,صورة لفردوس الله على الأرض - شركة حرب وبريس وباخوس للصناعة الوطنية,A picture of God's paradise on earth / Harb Brees & Bakhos Company,A feature on Lebanese landscapes and local national industries.
alam_0031.jpg,Al-alam,,,0031_L1,قصة العدد,The Story of the Issue,زوروا مصنع الشبل للمفروشات الحديدية لصاحبه جوزيف بصيبص,Visit Al-Shibel factory for iron furniture owned by Joseph Bsaibes.,A promotional and industrial feature highlighting local craftsmanship.
alam_0032.jpg,Al-alam,,,0032_L1,العلم,Al-Alam,في أي اتجاه يسير تقدم الصناعة السودانية؟,In which direction is the progress of Sudanese industry moving?,An economic report analyzing industrial advancements in Sudan.
alam_0033.jpg,Al-alam,,,0033_L1,العلم,Al-Alam,مع تموز في الذكرى التاسعة: فؤاد سليمان (نشيد الأرض، الإنسان، والجمال),With Tammuz on the 9th anniversary: Fouad Suleiman (Anthem of earth man and beauty),A commemorative literary piece dedicated to the writer Fouad Suleiman.
alam_0034.jpg,Al-alam,,,0034_L1,العلم,Al-Alam,ضرب القمر,Striking the Moon / Moon Strike,A journalistic piece discussing space exploration or symbolic events.
alam_0035.jpg,Al-alam,,,0035_L1,العلم,Al-Alam,كل صورة تنشر في هذه الصفحة يتلقى مرسلها 10 ليرات لبنانية - مختارات من صور القراء,Every photo published on this page earns its sender 10 Lebanese Liras.,A interactive readers' corner displaying amateur photography.
alam_0036.jpg,Al-alam,,,0036_L1,التربية والتعليم,Education and Teaching,التعليم في ولاية طرابلس,Education in the State of Tripoli,A regional educational report assessing schools and teaching.
alam_0037.jpg,Al-alam,,,0037_L1,العلم,Al-Alam,التلفزيون يغزو البلاد العربية - شركة التلفزيون اللبنانية,Television invades the Arab countries / The Lebanese Television Company,A media report on the rise and impact of broadcasting in the region.
alam_0038.jpg,Al-alam,,,0038_L1,التلفزيون اللبناني,Lebanese Television,[unclear],[unclear],A continuation or specialized page regarding Lebanese TV broadcasting.
ethnayn_0001.jpg,Al-ethnayn wa Aldonya,,,0001_L1,الاثنين والدنيا,Al-Ithnayn Wal-Dunya,الاثنين,Al-Ithnayn (Monday),"The main cover or introductory title page of the ""Al-Ithnayn Wal-Dunya"" magazine."
ethnayn_0002.jpg,Al-ethnayn wa Aldonya,,,0002_L1,الاثنين,Al-Ithnayn,نجاحات السنة التوجيهية من مدارس بنات الأشراف هذا العام - 122 شارع العباسية,Successes of the preparatory year from the Girls of Al-Ashraf schools this year - 122 Al-Abassia Street.,An educational feature celebrating the academic achievements of a local girls' school.
ethnayn_0003.jpg,Al-ethnayn wa Aldonya,,,0003_L1,الاثنين,Al-Ithnayn,مشاكل كل الأسبوع,Problems of the whole week.,A weekly column addressing common social issues and readers' complaints.
ethnayn_0004.jpg,Al-ethnayn wa Aldonya,,,0004_L1,الاثنين,Al-Ithnayn,ثوب من المجد: المزارع المصري، الغازي المصري، الحلّاج المصري، النازج المصري - شركة مصر للغزل والنسيج,A garment of glory: The Egyptian farmer ginner carder and weaver / Misr Spinning and Weaving Company,A proud industrial feature and commercial advertisement for the Misr Spinning and Weaving Company.
ethnayn_0005.jpg,Al-ethnayn wa Aldonya,,,0005_L1,الاثنين,Al-Ithnayn,الفكاهة والكوكب,Humor and the Planet,A satirical or lighthearted section featuring jokes caricatures or humorous commentary.
ethnayn_0006.jpg,Al-ethnayn wa Aldonya,,,0006_L1,الاثنين,Al-Ithnayn,رئيس الوزراء قرفان.. هل تستقيل الوزارة في الصيف؟,The Prime Minister is fed up... Will the ministry resign in the summer?,A political commentary and critical piece on current government struggles and potential resignation.
ethnayn_0007.jpg,Al-ethnayn wa Aldonya,,,0007_L1,الاثنين,Al-Ithnayn,خطوة إلى الأمام ابتداءً من 3 يوليو,A step forward starting from July 3rd.,An editorial or news analysis piece regarding upcoming national or developmental steps.
ethnayn_0008.jpg,Al-ethnayn wa Aldonya,,,0008_L1,الاثنين,Al-Ithnayn,"الاضطراب العصبي، القلق، اختناق الزور، الأرق، أوجاع الرأس.. كل هذا يمكنك إزالته بـ ""أسيرو""",Nervous disorders anxiety throat tightness insomnia headaches... all can be relieved with Asiro.,"A commercial medical advertisement for a health product named ""Asiro"" targetting various ailments."
ethnayn_0009.jpg,Al-ethnayn wa Aldonya,,,0009_L1,الاثنين,Al-Ithnayn,نداء الدم,The Call of Blood,A dramatic or historical narrative piece exploring family ties nationalism or justice.
ethnayn_0010.jpg,Al-ethnayn wa Aldonya,,,0010_L1,الاثنين,Al-Ithnayn,الفكاهة والكوكب: هدية فاخرة صورة جلالة الملك بمناسبة مرور سنة على توليه الملك.. اطلبها من البائع,Humor and the Planet: A luxurious gift a photo of His Majesty the King on his 1st anniversary.,A special promotional announcement offering a commemorative photo of the king to readers.
ethnayn_0011.jpg,Al-ethnayn wa Aldonya,,,0011_L1,الاثنين,Al-Ithnayn,هدية فاخرة: صورة جلالة الملك بمناسبة مرور سنة على توليه الملك.. اطلبها من البائع,A luxurious gift: A photo of His Majesty the King on his 1st anniversary.,A promotional and royal feature celebrating the King's anniversary.
ethnayn_0012.jpg,Al-ethnayn wa Aldonya,,,0012_L1,الاثنين,Al-Ithnayn,مدى الطيران من لندن والإسماعيلية,The flight range from London and Ismailiya.,A logistical or military report analyzing aviation paths and distances between key stations.
ethnayn_0013.jpg,Al-ethnayn wa Aldonya,,,0013_L1,الاثنين,Al-Ithnayn,الفاكهة والكواكب,Fruits and Planets,A lighthearted or educational weekly column focusing on general interest topics.
ethnayn_0014.jpg,Al-ethnayn wa Aldonya,,,0014_L1,الاثنين,Al-Ithnayn,فائدة أسير للرياضيين: يثبت أعضاء العين التي عليها من الاعتماد,The benefit of Asiro for athletes: stabilizes the eye elements that rely on it.,"A health and medical advertisement highlighting the benefits of ""Asiro"" for athletes."
ethnayn_0015.jpg,Al-ethnayn wa Aldonya,,,0015_L1,الاثنين,Al-Ithnayn,هدية صور صاحب السمو الملكي الأميرة فوزية.. اطلبها من البائع,Gift of photos of Her Royal Highness Princess Fawzia... request it from the vendor.,A cultural and social feature offering special portraits of Princess Fawzia to the readers.
ethnayn_0016.jpg,Al-ethnayn wa Aldonya,,,0016_L1,الاثنين,Al-Ithnayn,الدكتور هيكل باشا في الميزان,Dr. Heikal Pasha in the balance / under evaluation,A political profile and critical analysis essay on Dr. Heikal Pasha.
ethnayn_0017.jpg,Al-ethnayn wa Aldonya,,,0017_L1,الاثنين,Al-Ithnayn,ميثاق عدم الاعتداء على الدول الضعيفة، حماية الأقلية، اضطهاد الأكثرية، المحافظة على النظام، الوقوف على الحياد، الحرب من غير إعلان، الفتح السلمي,Non-aggression pact on weak states minority protection majority persecution preserving order staying neutral undeclared war peaceful conquest,A critical political essay analyzing global international treaties and geopolitical rhetoric.
ethnayn_0018.jpg,Al-ethnayn wa Aldonya,,,0018_L1,الاثنين,Al-Ithnayn,القنابل: كيف تصنع وكيف تلقى من الجو؟ القنابل في الحرب الماضية.. مما تتركب القنبلة؟,Bombs: How are they made and how are they dropped from the air? Bombs in the last war.,A technical and historical military feature explaining the engineering and history of aerial bombs.
ethnayn_0019.jpg,Al-ethnayn wa Aldonya,,,0019_L1,الاثنين,Al-Ithnayn,كيف تلقى القنبلة من الجو لتصيب الأهداف فوق الأرض؟,How is a bomb dropped from the air to hit targets on the ground?,A continuation of the military technical feature focusing on aerial targeting physics and tactics.
ethnayn_0020.jpg,Al-ethnayn wa Aldonya,,,0020_L1,الاثنين,Al-Ithnayn,العالم في أسبوع,The World in a Week,A global news summary column wrapping up foreign affairs and international events.
ethnayn_0021.jpg,Al-ethnayn wa Aldonya,,,0021_L1,الاثنين,Al-Ithnayn,الراحة على صوت المدافع، ينظر إلى ما جنت يداه، كلب مرسى، خنادق فرنسية في الأرض الألمانية,Resting to the sound of cannons... French trenches in German land.,A wartime report or photojournalism piece depicting scenes from frontlines and military trenches.
ethnayn_0022.jpg,Al-ethnayn wa Aldonya,,,0022_L1,الاثنين,Al-Ithnayn,حوار الأسبوع كما سجلتها دار وسام الاثنين,Dialogue of the week as recorded by Dar Wisam Al-Ithnayn.,A transcribed intellectual or political interview capturing contemporary social debates.
ethnayn_0023.jpg,Al-ethnayn wa Aldonya,,,0023_L1,الاثنين,Al-Ithnayn,"الارهاب النازي في أمريكا وطرق محاربته في فيلم ""اعترافات جاسوس نازي""",Nazi terrorism in America and ways to fight it in the movie 'Confessions of a Nazi Spy'.,A cinematic and political review of the anti-Nazi propaganda film released during that era.
ethnayn_0024.jpg,Al-ethnayn wa Aldonya,,,0024_L1,الاثنين,Al-Ithnayn,هدية: صورة صاحب السمو الملكي الأميرة فوزية.. اطلب الصورة من البائع,Gift: A photo of Her Royal Highness Princess Fawzia... request the photo from the vendor.,A continuation of the promotional feature distributing portraits of Princess Fawzia.
ethnayn_0025.jpg,Al-ethnayn wa Aldonya,,,0025_L1,لمن الدور,Whose Turn Is It?,[unclear],[unclear],A social or political opinion piece discussing institutional transitions or roles.
ethnayn_0026.jpg,Al-ethnayn wa Aldonya,,,0026_L1_p2,الاثنين والدنيا,Al-Ithnayn Wal-Dunya,خطيب الأسبوع خلف مضخات الصوت في هذا العدد نتيجة اليانصيب,Speaker of the week behind the microphones / In this issue: the lottery results,A community feature reporting on notable public figures and the official lottery results.
ethnayn_0027.jpg,Al-ethnayn wa Aldonya,,,0027_L1_p2,الاثنين,Al-Ithnayn,ترف الرياس لا يكمل إلا بالسجاد الفاخر.. أحدث أنواع السجاد التركي والإيراني والصيني,The luxury of leadership is only complete with fine carpets... Turkish Iranian and Chinese,A luxury commercial advertisement focusing on premium imported oriental carpets.
ethnayn_0028.jpg,Al-ethnayn wa Aldonya,,,0028_L1_p2,الاثنين,Al-Ithnayn,غلاف,Cover / Front Page,The main graphic cover or title section of the magazine issue.
ethnayn_0029.jpg,Al-ethnayn wa Aldonya,,,0029_L1_p2,الاثنين,Al-Ithnayn,جحا وحماره,Juha and His Donkey,A satirical folklore-inspired literary piece using the traditional character of Juha.
ethnayn_0030.jpg,Al-ethnayn wa Aldonya,,,0030_L1_p2,الاثنين,Al-Ithnayn,قصة الإفراج عن تمثال السجين,The story of releasing the Prisoner's Statue,A cultural and artistic report detailing the history or unveiling of a public monument.
ethnayn_0031.jpg,Al-ethnayn wa Aldonya,,,0031_L1_p2,الاثنين,Al-Ithnayn,سكة حديد الحكومة المصرية: نقل الموبيليات وعفش المنازل وجميع أصناف البضائع من الباب للباب,Egyptian Government Railway: moving furniture household goods and all types of cargo door-to-door,A public transportation and logistics advertisement by the Egyptian state railways.
ethnayn_0032.jpg,Al-ethnayn wa Aldonya,,,0032_L1_p2,الاثنين والدنيا,Al-Ithnayn Wal-Dunya,في هذا العدد: نتيجة السحب,In this issue: the draw results,A statistical and announcement page publishing the winning numbers of the latest draw.
ethnayn_0033.jpg,Al-ethnayn wa Aldonya,,,0033_L1_p2,الاثنين,Al-Ithnayn,يا نصيب الاثنين المجاني: يا نصيب جائزة سيارة,Al-Ithnayn's free lottery: a car prize lottery,A marketing campaign promoting a free subscriber lottery with a car as the grand prize.
ethnayn_0034.jpg,Al-ethnayn wa Aldonya,,,0034_L1_p2,الاثنين,Al-Ithnayn,نور جديد ووفر جديد.. أما المرأة العالقة فلا تستعمل للعناية بجمالها غير المطهر ساجرو تان,New light and new savings... modern women only use Sagro Tan antiseptic for beauty.,"A commercial hygiene and cosmetic advertisement for the ""Sagro Tan"" product lines."
ethnayn_0035.jpg,Al-ethnayn wa Aldonya,,,0035_L1_p2,الاثنين,Al-Ithnayn,ICS does not teach by mail,ICS does not teach by mail,An international commercial advertisement regarding educational methodologies of the ICS institute.
ethnayn_0036.jpg,Al-ethnayn wa Aldonya,,,0036_L1_p2,الاثنين,Al-Ithnayn,فاطمة رشدي بعدما ارتشت كؤوس الهوى من حب صدقي ثم السعادة,Fatma Roshdi after tasting the cups of love from the affection of Sedqi then happiness.,A celebrity and theatrical review focusing on the life and artistic relationships of actress Fatma Roshdi.
alam_0115.jpg,Al-alam,,,0115_L1,العلم,Al-Alam,في هوليوود حيث تتلاشى أعمار النجوم,In Hollywood where stars' ages fade away.,A cinema report and social essay examining youth aging and the fleeting nature of stardom in Hollywood.
ethnayn_0016.jpg,Al-ethnayn wa Aldonya,,,0016_L1_alt,الاثنين,Al-Ithnayn,درس في حياة الأرانب,A lesson in the life of rabbits.,A cultural or children's educational section presenting nature studies or an allegorical fable.
ethnayn_0017.jpg,Al-ethnayn wa Aldonya,,,0017_L1_alt,الاثنين,Al-Ithnayn,اختبر ذكاءك - ما أروع طريق صابون لوكس للتواليت في تحقيقه للبشرة طراوة ونعومة.. صابون الجمال، الكوكب السينما - بيبسي كولا,"Test your intelligence / ""How wonderful is Lux Toilet Soap in giving the skin softness"" / Pepsi-Cola",A leisure page compiling brain teasers and puzzles alongside vintage display ads for Lux soap and Pepsi-Cola.
ethnayn2_0001.jpeg,Al-ethnayn wa aldonya 2,,,0001_L2,الاثنين 2,Al-Ithnayn 2,فيلم الملايين المليونير,The millions movie The Millionaire,"A cinematic feature promoting the new movie ""The Millionaire"" amidst global war news."
ethnayn2_0002.jpeg,Al-ethnayn wa aldonya 2,,,0002_L2,الاثنين 2,Al-Ithnayn 2,هكذا يراك الآخر,This is how others see you.,A social or psychological essay discussing public perception and self-image.
ethnayn2_0003.jpeg,Al-ethnayn wa aldonya 2,,,0003_L2,الاثنين 2,Al-Ithnayn 2,بطل على الرغم منه,A hero despite himself.,A narrative or critical review about an unintended heroic figure or story.
ethnayn2_0004.jpeg,Al-ethnayn wa aldonya 2,,,0004_L2,الاثنين 2,Al-Ithnayn 2,صورة رائعة للآنسة أم كلثوم في فيلم دنانيز الذي يعرض الآن بسينما ستوديو مصر,A wonderful photo of Ms. Um Kalthoum in the movie Dananeez currently screening at Studio Misr Cinema.,A promotional entertainment feature highlighting Um Kalthoum's latest musical film.
ethnayn2_0005.jpeg,Al-ethnayn wa aldonya 2,,,0005_L2,الاثنين 2,Al-Ithnayn 2,فتاة القيروان - تأليف جرحي زيدان,The Girl of Kairouan written by Jurji Zaydan,"A literary advertisement promoting the historical novel ""The Girl of Kairouan."""
ethnayn2_0006.jpeg,Al-ethnayn wa aldonya 2,,,0006_L2,الاثنين 2,Al-Ithnayn 2,اختاروا مجوهراتكم.. عكاوي: 42 شارع سليمان باشا ساعات مجوهرات - ثورة فنية,Choose your jewelry... Akkaoui: 42 Soliman Pasha Street watches and jewelry / Artistic Revolution,A luxury commercial advertisement for Akkaoui watches and premium jewelry lines.
ethnayn2_0007.jpeg,Al-ethnayn wa aldonya 2,,,0007_L2,الاثنين 2,Al-Ithnayn 2,رقصة في الظلام بالألوان الطبيعية,A dance in the dark in natural colors.,An artistic feature review or cinematic analysis exploring visual choreography.
ethnayn2_0008.jpeg,Al-ethnayn wa aldonya 2,,,0008_L2,الاثنين 2,Al-Ithnayn 2,راديو تليفونكن: موديل 1950 يصنع العالم في قبضة يد - شركة الببلاوي للهندسة الكهربائية,Telefunken Radio: 1950 model puts the world in your palm / Al-Beblawi Electrical Engineering Co.,A technical commercial advertisement for Telefunken radios imported by Al-Beblawi company.
ethnayn2_0009.jpeg,Al-ethnayn wa aldonya 2,,,0009_L2,الاثنين 2,Al-Ithnayn 2,دنيا من الرقص والضحك والموسيقى والغناء والنقد الاجتماعي.. تحية كاريوكا، إلياس مؤدب، شادية، شرفنطح، البطل إسماعيل ياسين,A world of dance laughter music singing and social critique... featuring Taheya Karioka Ismail Yassin and Shadia,A comprehensive review of a major contemporary theatrical comedy and musical film production.
ethnayn2_0010.jpeg,Al-ethnayn wa aldonya 2,,,0010_L2,الاثنين 2,Al-Ithnayn 2,سامية جمال، عبد العزيز محمود.. أسمر وجميل، عباس كامل - الأسبوع الثاني بنجاح ساحق,"Samia Gamal Abdel Aziz Mahmoud: ""Dark and Beautiful"" by Abbas Kamel - 2nd week of smashing success","An entertainment announcement celebrating the commercial success of the film ""Asmar Wa Jameel""."
ethnayn2_0011.jpeg,Al-ethnayn wa aldonya 2,,,0011_L2,الاثنين,Al-Ithnayn,ثور الحرب يزور حديقة الحيوان,The war bull visits the zoo.,A satirical or political allegorical commentary regarding military themes.
ethnayn2_0012.jpeg,Al-ethnayn wa aldonya 2,,,0012_L2,الاثنين,Al-Ithnayn,لا أقرأ الصحف - بقلم الدكتور أمير بقطر.. هؤلاء كانوا ضحية أول إبريل,"I do not read newspapers by Dr. Amir Boqtor / ""Those were the victims of April Fools.""",A social critique essay examining media consumption and traditional April Fools pranks.
ethnayn2_0013.jpeg,Al-ethnayn wa aldonya 2,,,0013_L2,الاثنين,Al-Ithnayn,ريفينا.. كما تروه فنانة روسية,Rivina... as you see her a Russian artist.,A cultural profile or interview focusing on the work of a visiting Russian artist.
ethnayn2_0014.jpeg,Al-ethnayn wa aldonya 2,,,0014_L2,الاثنين 2,Al-Ithnayn 2,تجارة الشعر: إن الشعر الغزير ثروة تتوج رأس الحسناء,The hair trade: abundant hair is a wealth that crowns a beautiful woman's head.,A economic and cultural report investigating the local markets and styling of human hair.
ethnayn2_0015.jpeg,Al-ethnayn wa aldonya 2,,,0015_L2,الاثنين 2,Al-Ithnayn 2,أسماء في الأخبار - روائع التحف من الأثاث الفاخر.. محلات موبيليات عبد الله الصيرفي وعباس يوسف - مصبوغات الجميل,Names in the news / Masterpieces of fine furniture... Abdullah Al-Sairafi & Abbas Youssef,A commercial interior design advertisement showcasing luxury custom furniture manufacturing.
ethnayn2_0016.jpeg,Al-ethnayn wa aldonya 2,,,0016_L2,الاثنين,Al-Ithnayn,ضحكات المدينة,Laughter of the City,A weekly satirical column compiling urban humor gossip and social caricatures.
ethnayn2_0017.jpeg,Al-ethnayn wa aldonya 2,,,0017_L2,الاثنين,Al-Ithnayn,تسلية - ينقذك من متاعب البرد كلها بعلاج بسيط واحد: فيكس فابوراب، زكام الأنف، وجع الزور، ضيق الصدر، السعال - بورما للساعات والمجوهرات,"Entertainment / ""Relieves all cold troubles with one treatment: Vicks VapoRub"" / Burma Watches",A page combining leisure text with lifestyle ads for Vicks VapoRub and Burma jewelry.
ethnayn2_0018.jpeg,Al-ethnayn wa aldonya 2,,,0018_L2,الاثنين 2,Al-Ithnayn 2,معدتك في شم النسيم,Your stomach during Sham El-Nessim.,A health and lifestyle advice article tracking traditional seasonal Egyptian culinary habits.
ethnayn2_0019.jpeg,Al-ethnayn wa aldonya 2,,,0019_L2,الاثنين,Al-Ithnayn,سافر بطائرات BOAC,Travel with BOAC aircraft.,A corporate travel advertisement promoting international flights operated by BOAC airlines.
ethnayn2_0020.jpeg,Al-ethnayn wa aldonya 2,,,0020_L2,الاثنين 2,Al-Ithnayn 2,بسينما راديو القاهرة من الاثنين 10 أبريل: ماري كوين، محمد فوزي (الزوجة السابعة) - عم عبده، أعظم هدية، زون,"At Radio Cinema Cairo starting Monday April 10: Mary Queen & Mohamed Fawzi in ""The 7th Wife""","A prominent theatrical display advertisement promoting the premiere of the film ""Al-Zawga Al-Sabe'a""."
ethnayn2_0022.jpeg,Al-ethnayn wa aldonya 2,,,0022_L2,الاثنين 2,Al-Ithnayn 2,سر الكابين العائم,The secret of the floating cabin.,An investigative or narrative piece exploring a mysterious floating cabin.
ethnayn2_0023.jpeg,Al-ethnayn wa aldonya 2,,,0023_L2,الاثنين 2,Al-Ithnayn 2,نابليون أول مزيف للعملة - شفرات جيلت الزرقاء (10 بـ 11),Napoleon: the first currency counterfeiter / Gillette Blue Blades (10 for 11),A historical feature on currency combined with a commercial ad for Gillette razor blades.
ethnayn2_0024.jpeg,Al-ethnayn wa aldonya 2,,,0024_L2,الاثنين 2,Al-Ithnayn 2,الاثنين تساهم في حل مشكلة الزراعيات,Al-Ithnayn contributes to solving the agricultural problem.,An economic and developmental report addressing agricultural issues.
ethnayn2_0025.jpeg,Al-ethnayn wa aldonya 2,,,0025_L2,الاثنين 2,Al-Ithnayn 2,مصر لبيفن: دي ثالث مرة أعبر فيها المنش ده ولا تديش الكأس.. حسني النية,"Egypt to Bevin: ""This is the third time I cross this English Channel yet you don't give the cup.""",A political caricature and diplomatic commentary tracking Egyptian-British relations.
ethnayn2_0026.jpeg,Al-ethnayn wa aldonya 2,,,0026_L2,الاثنين 2,Al-Ithnayn 2,الغريق في جب شبر ماء.. يوم تزوج: محتاس أفندي انتهت متاعبه ولكنه ظل محتاراً,Drowning in a cup of water... On his wedding day: Mohtas Effendi's troubles ended but he remained confused.,A humorous fictional narrative or satirical social piece about marriage.
ethnayn2_0027.jpeg,Al-ethnayn wa aldonya 2,,,0027_L2,الاثنين 2,Al-Ithnayn 2,هؤلاء الأميون - بقلم الدكتور حسين مؤنس,Those Illiterates written by Dr. Hussein Mounis,A critical cultural essay written by intellectual Dr. Hussein Mounis addressing illiteracy.
ethnayn2_0029.jpeg,Al-ethnayn wa aldonya 2,,,0029_L2,الاثنين 2,Al-Ithnayn 2,عين الحاسود فيها عود: هل الحلق يورث الحيرة في قلب الحاسود؟ الكأس المقلوب، الاقتلاع,The envious eye... Does the earring cause confusion in the envier's heart? The inverted cup uprooting.,A social commentary piece analyzing local cultural folklore envy and traditional superstitions.
ethnayn2_0030.jpeg,Al-ethnayn wa aldonya 2,,,0030_L2,الاثنين 2,Al-Ithnayn 2,ولية أمري - بقلم الدكتور محمد مظهر سعيد,My Guardian written by Dr. Mohamed Mazhar Said,A personal perspective or social essay looking into family dynamics and guardianship.
ethnayn2_0031.jpeg,Al-ethnayn wa aldonya 2,,,0031_L2,الاثنين 2,Al-Ithnayn 2,الصبا والجمال بين يديك ما دمتي تستعملين لوسيون وبودرة وعطور فو مافيا,Youth and beauty are in your hands as long as you use Faux Mavia lotion powder and perfumes.,A commercial cosmetics advertisement targeting women's beauty care lines.
ethnayn2_0031.jpeg,Al-ethnayn wa aldonya 2,,,0031_L2_alt,الاثنين 2,Al-Ithnayn 2,الرجال - بقلم الأستاذ مرشد أمين,Men written by Professor Murshed Amin,A socio-cultural analytical essay evaluating gender roles or contemporary men's affairs.
ethnayn2_0032.jpeg,Al-ethnayn wa aldonya 2,,,0032_L2,الاثنين 2,Al-Ithnayn 2,ياما في الجراب.. شغف الناس بالحواة والألعاب التي يعرضونها,So many secrets in the bag... People's passion for snake charmers and the games they display.,A cultural report documenting street performances magic tricks and local entertainers.
ethnayn2_0033.jpeg,Al-ethnayn wa aldonya 2,,,0033_L2,الاثنين 2,Al-Ithnayn 2,غرائب,Wonders / Curiosities,A trivia or international oddities column compiling strange events from around the world.
ethnayn2_0034.jpeg,Al-ethnayn wa aldonya 2,,,0034_L2,الاثنين 2,Al-Ithnayn 2,هوليوود الكوكب micro مهد: قصة الفتنة والخيال والأحلام، قصة السحر والغموض والأسرار.. تحفة التحف الفنية الخالدة: شهرزاد,Hollywood the planet Egypt: A story of charm fantasy and dreams... The timeless masterpiece: Scheherazade,"A cinematic feature celebrating film production specifically promoting the grand epic ""Scheherazade""."
ethnayn2_0035.jpeg,Al-ethnayn wa aldonya 2,,,0035_L2,الاثنين 2,Al-Ithnayn 2,رسالة الاثنين: استقلال في الرأي وجرأة في الحق - مظاهر ضابط البوليس,Al-Ithnayn's Message: Independence in opinion and boldness in truth / Dimensions of a police officer,An editorial column focusing on journalistic integrity and police force affairs.
ethnayn2_0036.jpeg,Al-ethnayn wa aldonya 2,,,0036_L2,الاثنين 2,Al-Ithnayn 2,تسلية: مصنوعة خصيصاً للجو الحار.. أفلام فرانية، مفارم للحمة هوسكافارنا,Entertainment: Specially made for hot weather... Frania films Husqvarna meat grinders,A mixed page combining consumer lifestyle ads for appliances like Husqvarna meat grinders.
ethnayn2_0037.jpeg,Al-ethnayn wa aldonya 2,,,0037_L2,الاثنين 2,Al-Ithnayn 2,في متحف الخطوط: أستاذ علم الكف العريف - بودرة كوين إليزابيث، اتقي شر البرد بمحلات أحمد حلاوة - حبوب كارتر للكبد,In the Calligraphy Museum / The palmistry expert / Queen Elizabeth powder / Carter's liver pills,A high-density ad page grouping lifestyle products like Carter's pills and local retail offers.
ethnayn2_0038.jpeg,Al-ethnayn wa aldonya 2,,,0038_L2,الاثنين 2,Al-Ithnayn 2,حلال عليك فكري يا باشا,You are welcome to my thoughts Pasha.,A satirical political dialogue or intellectual opinion piece tracking state figures.
ethnayn2_0039.jpeg,Al-ethnayn wa aldonya 2,,,0039_L2,الاثنين 2,Al-Ithnayn 2,دردشة: اذهب بطفلك إلى طبيب معروف للعيون.. ويليس براون,Chatter: Take your child to a well-known eye doctor... Willis Brown,A lifestyle advice piece integrated with a prominent commercial ad for Willis Brown opticians.
ethnayn2_0040.jpeg,Al-ethnayn wa aldonya 2,,,0040_L2,الاثنين 2,Al-Ithnayn 2,الكواكب (عدد أبريل): إن فورانه ينعشك ومفعوله اللطيف يحمي النظافة الباطنية - ملح أندروس للكبد - بورما للساعات,"The Planets (April Issue) / ""Its effervescence refreshes you... Andrews Liver Salt"" / Burma Watches",A health promotional feature and advertisement detailing the therapeutic benefits of Andrews Liver Salt.
ethnayn2_0041.jpeg,Al-ethnayn wa aldonya 2,,,0041_L2,الاثنين 2,Al-Ithnayn 2,أساتذة يمتحنون,An professors taking exams / testing,An educational commentary or satire assessing academic institutional testing methodologies.
ethnayn2_0042.jpeg,Al-ethnayn wa aldonya 2,,,0042_L2,الاثنين 2,Al-Ithnayn 2,حرج - بقلم الدكتور حسين مؤنس,War written by Dr. Hussein Mounis,A profound sociological or historical commentary essay examining military conflicts.
ethnayn2_0043.jpeg,Al-ethnayn wa aldonya 2,,,0043_L2,الاثنين 2,Al-Ithnayn 2,حالة غير مستقرة: توجب استعمال أسبرو - أنا المتهمة جاكموني.. حاكموني إذا كنت قد أخطأت,"An unstable condition: requires using Aspro / ""I am the accused Jackmony... Judge me if I erred""",A page compiling a commercial medical ad for Aspro with a dramatic legal or theatrical narrative.
ethnayn2_0044.jpeg,Al-ethnayn wa aldonya 2,,,0044_L2,الاثنين 2,Al-Ithnayn 2,الشاطئ البريطاني أُمنع من أن يُغزى.. مدافع على امتداد الشاطئ على مسافة متقاربة,The British coast is forbidden from being invaded... Cannons placed close to each other,A military photojournalism report detailing Great Britain's coastal defense fortifications.
ethnayn2_0045.jpeg,Al-ethnayn wa aldonya 2,,,0045_L2,الاثنين 2,Al-Ithnayn 2,فاطرة تؤلف أغاني: اقتدى بنجوم السينما إنكِ أنتِ أيضاً ستحبين كولينوس.. كريم الأسنان المفضل,"Fatira composes songs / ""Follow the cinema stars you too will love Kolynos... Favorite toothpaste""",A highly stylized commercial advertisement leveraging star power to promote Kolynos toothpaste.
ethnayn2_0046.jpeg,Al-ethnayn wa aldonya 2,,,0046_L2,الاثنين 2,Al-Ithnayn 2,قطة هاي لوليف,High Loleef's Cat,A lighthearted social narrative pop culture mention or short fiction piece.
ethnayn2_0048.jpeg,Al-ethnayn wa aldonya 2,,,0048_L2,الاثنين 2,Al-Ithnayn 2,المرأة لا تصلح للقضاء.. اسأل مجرب,Women are not fit for judiciary positions... Ask someone with experience.,A conservative social debate essay arguing against women occupying judicial chairs.
ethnayn2_0049.jpeg,Al-ethnayn wa aldonya 2,,,0049_L2,الاثنين 2,Al-Ithnayn 2,خير من الإنفاق في الإجازة: ثلاجة فيليبس ليونارد فهي المنعشة على الدوام - مضمونة 5 سنوات,Better than spending on vacation: Philips Leonard Refrigerator always refreshing - 5 years warranty,A household commercial display advertisement highlighting industrial features of Philips appliances.
ethnayn2_0050.jpeg,Al-ethnayn wa aldonya 2,,,0050_L2,الاثنين 2,Al-Ithnayn 2,بريد القلوب - بيروماينر: عمادك في البيت وفي المكتب,"Hearts Mail / ""Pyrominer: Your pillar at home and in the office""",A romantic or personal reader advice column accompanied by an office product advertisement.
ethnayn2_0051.jpeg,Al-ethnayn wa aldonya 2,,,0051_L2,الاثنين 2,Al-Ithnayn 2,جد وحفيد,Grandfather and Grandson,A multigenerational human-interest story social reflection or familial essay.
ethnayn2_0052.jpeg,Al-ethnayn wa aldonya 2,,,0052_L2,الاثنين 2,Al-Ithnayn 2,أربع مبتكرات بيرو: السن المدبب يظهر ويختفي بحركة أوتوماتيكية من اليد الواحدة,Four Biro Innovations: The pointed tip extends and retracts with a single-handed automatic movement.,A technical commercial product announcement showcasing the mechanics of the new Biro ballpoint pen.
ethnayn2_0052.jpeg,Al-ethnayn wa aldonya 2,,,0052_L2_alt,الاثنين 2,Al-Ithnayn 2,سكك حديد وتلغرافات وتليفونات الحكومة المصرية: النشر في محطات ومطبوعات المصلحة,Egyptian Government Railways Telegraphs & Telephones: advertising in stations and official publications,A public sector corporate notice regarding commercial billboard and printing spaces in state transit hubs.
ethnayn2_0054.jpeg,Al-ethnayn wa aldonya 2,,,0054_L2,الاثنين 2,Al-Ithnayn 2,الكلاب تتنبأ بالزلازل: لم تجد قريحة أحد العلماء جهازاً ينبأ بالزلازل ولكن الكلاب قد وفقت,Dogs Predict Earthquakes: No scientist has invented an early warning device but dogs have succeeded.,A scientific curiosity report evaluating canine sensory capabilities in detecting seismic events.
ethnayn2_0055.jpeg,Al-ethnayn wa aldonya 2,,,0055_L2,الاثنين 2,Al-Ithnayn 2,من قصص الجاسوسية: المراسل الحربي - قصة في خطابين - أريني عقلك,From espionage stories: The war correspondent / A story in two letters / Show me your mind,A dramatic narrative feature focusing on wartime espionage and psychological intrigue.
ethnayn2_0056.jpeg,Al-ethnayn wa aldonya 2,,,0056_L2,الاثنين 2,Al-Ithnayn 2,ستحصل على غذاء أوفر بنقودك إن استعملت كويكر أوتس اللذيذ,You will get more nutrition for your money if you use delicious Quaker Oats.,A commercial food advertisement highlighting the economic and nutritional benefits of Quaker Oats.
ethnayn2_0057.jpeg,Al-ethnayn wa aldonya 2,,,0057_L2,الاثنين 2,Al-Ithnayn 2,حالياً.. فيات 1400: تعرض السيارة الفاخرة فيات 1400,Currently... Fiat 1400: Presenting the luxurious Fiat 1400 car.,An automotive display advertisement showcasing the newly released luxury Fiat 1400 model.
ethnayn2_0058.jpeg,Al-ethnayn wa aldonya 2,,,0058_L2,الاثنين 2,Al-Ithnayn 2,أشكال: قصة مصرية بقلم السيدة صوفيا عبد الله,Shapes: An Egyptian story written by Mrs. Sophia Abdullah,A literary fiction piece published by contemporary Egyptian female author Sophia Abdullah.
ethnayn2_0059.jpeg,Al-ethnayn wa aldonya 2,,,0059_L2,الاثنين 2,Al-Ithnayn 2,بريد القراء - أفخر دراجة صُنعت لليوم - خبرني يا دكتور - بيتول: المطهر العصري,Readers' mail / The finest bicycle built to date / Tell me Doctor / Pitol: the modern antiseptic,A mixed readership interactive page combining advice columns with antiseptic and bicycle ads.
ethnayn2_0059.jpeg,Al-ethnayn wa aldonya 2,,,0059_L2_alt,الاثنين 2,Al-Ithnayn 2,ريفولي: زهور مسمومة - بروكلاس يزيل الإمساك في ليلة واحدة (الشوكولاتة الملينة اللذيذة),"Rivoli: ""Poisoned Flowers"" / Proclas relieves constipation in one night (the delicious laxative chocolate)",A entertainment page listing features at the Rivoli theatre along with a medical laxative ad.
ethnayn2_0060.jpeg,Al-ethnayn wa aldonya 2,,,0060_L2,الاثنين 2,Al-Ithnayn 2,ثروة بخمس دولارات.. إنها تغني وترقص وتضحك (أجمل بنات الدنيا: بنت يا بريز) - إخراج حلمي رفلة، محمد وليلى فوزي,A five-dollar fortune... She sings dances and laughs (The prettiest girl: Bint Ya Bareez) / Directed by Helmy Rafla,"A cinematic promotional feature celebrating the film ""Bint Ya Bareez"" starring Mohamed and Leila Fawzi."
ethnayn2_0061.jpeg,Al-ethnayn wa aldonya 2,,,0061_L2,الاثنين 2,Al-Ithnayn 2,مغارة الجن: أسطورة لبانية,The Djinn's Cave: A Lebanese legend,A cultural folklore piece collecting traditional romantic and mythic legends from Lebanon.
ethnayn2_0062.jpeg,Al-ethnayn wa aldonya 2,,,0062_L2,الاثنين 2,Al-Ithnayn 2,بين الشاي والدخان والوجه الخشن,Between tea smoke and the rugged face.,A sociological or lifestyle essay exploring traditional male gatherings and consumer habits.
ethnayn2_0063.jpeg,Al-ethnayn wa aldonya 2,,,0063_L2,الاثنين 2,Al-Ithnayn 2,طفلك: استعداداً حسناً في أول عامه الدراسي فحثيه على العمل بتزويده بأدوات دراسية يرتاح إليها وتدوم طويلاً - مجلات شمدى,Your Child: Preparing for the first school year... encourage him with reliable school tools / Shimda Magazines,An educational family advice column integrated with commercial advertisements for children's school supplies.
ethnayn2_0064.jpeg,Al-ethnayn wa aldonya 2,,,0064_L2,الاثنين 2,Al-Ithnayn 2,لا.. لا أشرب الخمر - قصة مصرية بقلم الأستاذ إسماعيل الحبروك,No... I do not drink alcohol - An Egyptian story written by Professor Ismail Al-Habrouk,A contemporary dramatic short story written by prominent Egyptian journalist Ismail Al-Habrouk.
ethnayn2_0065.jpeg,Al-ethnayn wa aldonya 2,,,0065_L2,الاثنين 2,Al-Ithnayn 2,ضوء القمر عن موباسان - المرأة المختفية: تومي دانو - مصارعات الاستوديو وبوهات والكوكب تطلب من مصوغات الجمل,"Moonlight by Maupassant / ""The Vanished Woman"" by Tommy Dano / Studio wrestling gear from Al-Gamel Jewelry",A high-density culture and entertainment section compiling literary translations cinema news and retail ads.
ethnayn2_0066.jpeg,Al-ethnayn wa aldonya 2,,,0066_L2,الاثنين 2,Al-Ithnayn 2,الشاطر حسن: اقرأ هذه القصة لولدك الصغير ففيها لكما كليكما تسلية,Al-Shatir Hassan: Read this story to your young child for it offers entertainment to both of you.,A children's literary and educational section re-telling the classic Arabic fairytale of Al-Shatir Hassan.
ethnayn2_0067.jpeg,Al-ethnayn wa aldonya 2,,,0067_L2,الاثنين 2,Al-Ithnayn 2,لا حديث للجماهير إلا هدم الأسعار للمرة الثانية بمحلات أصواف موريس (أول شارع شريف) - دقة وتناهيها مما كان الجو.. تل,The only talk of the crowd is the second price drop at Maurice Wools (Sherif Street) / Tell brand watches,A high-density consumer ad page highlighting major discount campaigns for Maurice wools and Tell watches.
ethnayn2_0067.jpeg,Al-ethnayn wa aldonya 2,,,0067_L2_alt,الاثنين 2,Al-Ithnayn 2,شكوى على كل لون,A complaint of every color / variety,A satirical or civic column compiling reader grievances and daily institutional complaints.
ethnayn2_0068.jpeg,Al-ethnayn wa aldonya 2,,,0068_L2,الاثنين 2,Al-Ithnayn 2,بشرى إلى هواة الراديو البطارية.. ورد من السويد: راديو لوكس بالبطارية - مفارم اللحوم وارد السويد - ليون كاستاكيان وولده,Good news for battery radio enthusiasts... imported from Sweden: Radiolux / Swedish meat grinders / Leon Kastakian,A prominent imported goods commercial display promoting Swedish Radiolux battery radios and Husqvarna grinders.
ethnayn2_0068.jpeg,Al-ethnayn wa aldonya 2,,,0068_L2_alt,الاثنين 2,Al-Ithnayn 2,رجل يعيش على أنفه كما يعيش العامل على ساعديه ويعيش المطرب على حنجرته كذلك يعيش الشاه منجي على أنفه,A man lives on his nose just as a laborer lives on his arms a singer on his throat...,An analytical or philosophical human-interest profile discussing specialized professions or sensory traits.
ethnayn2_0069.jpeg,Al-ethnayn wa aldonya 2,,,0069_L2,الاثنين 2,Al-Ithnayn 2,إنها الفرصة الأخيرة لكي تربح هذه السيارة.. قد تكون أنت الفائز فحافظ على أعداد الاثنين المصورة,It's the final chance to win this car... you could be the winner so keep your illustrated Al-Ithnayn issues.,A direct magazine subscription campaign prompting readers to collect continuous issues to enter the vehicle lottery draw.
ethnayn2_0070.jpeg,Al-ethnayn wa aldonya 2,,,0070_L2,الاثنين 2,Al-Ithnayn 2,امرأة وامرأة - مصنع الجمل: شفاه في نظارة الورد (أحمر الشفاه تمارا),A Woman and a Woman / Al-Gamel Factory: Tamara Lipstick lips in rosy clarity,A cultural critique piece detailing women's issues alongside a commercial cosmetics ad for Tamara lipstick.
ethnayn2_0071.jpeg,Al-ethnayn wa aldonya 2,,,0071_L2,الاثنين 2,Al-Ithnayn 2,بفضل لؤوم الشيطان,Thanks to the devil's malice.,A creative narrative literary essay or moral philosophical column analyzing social behaviors.
ethnayn2_0072.jpeg,Al-ethnayn wa aldonya 2,,,0072_L2,الاثنين 2,Al-Ithnayn 2,في المايكروفون - احذر أمراض وبرد الربيع.. أسيرو خير واقٍ لك (انه عضد العائلة في حالة الألم والبرد) - العلاج المناسب أسبرو,"On the microphone / ""Beware of spring colds... Asiro is your best protection / The suitable treatment is Aspro""",A community health notification board grouping dynamic medicine advertisements for Asiro and Aspro products.
ethnayn2_0073.jpeg,Al-ethnayn wa aldonya 2,,,0073_L2,الاثنين 2,Al-Ithnayn 2,قبعات حيوانية,Animal Hats / Animalistic Headwear,A dynamic global fashion and trend reporting feature illustrating eccentric avant-garde clothing styles.
ethnayn2_0074.jpeg,Al-ethnayn wa aldonya 2,,,0074_L2,الاثنين 2,Al-Ithnayn 2,برد وليس بريد الأطفال: يزول سريعاً عندما تساعد الأنف والزور والصدر جميعاً مرة واحدة - كتاب وصفات الكعك مجاناً (خميرة رويال) - زهرة كولمان - سكرييب,Children's Colds: clears quickly when treating nose throat and chest / Royal Baking Powder recipes / Coleman Flower / Scribe Ink,A family lifestyle layout compiling seasonal child-rearing medical tips with corporate ads for Royal baking powder.
ethnayn2_0075.jpeg,Al-ethnayn wa aldonya 2,,,0075_L2,الاثنين 2,Al-Ithnayn 2,لا مؤاخذة: قصة غرام جديدة,No Offense: A new love story,A romantic short fiction piece or a lighthearted social commentary column regarding relationships.
ethnayn2_0076.jpeg,Al-ethnayn wa aldonya 2,,,0076_L2,الاثنين 2,Al-Ithnayn 2,ألعاب جديدة في الماء,New games in the water / Water sports,A sports and modern recreation photojournalism feature capturing novel aquatic activities.
ethnayn2_0077.jpeg,Al-ethnayn wa aldonya 2,,,0077_L2,الاثنين والدنيا,Al-Ithnayn Wal-Dunya,العدد 832 (22 مايو 1950),Issue 832 (May 22 1950),The official issue title and dating documentation block for this historical magazine run.
ethnayn2_0078.jpeg,Al-ethnayn wa aldonya 2,,,0078_L2,الاثنين 2,Al-Ithnayn 2,عقلية راتب.. عماد حمدي - السوق السوداء - عطور وجاذبية ونعومة كوين إليزابيث (بودرة الوجه),Ratib's mentality starring Emad Hamdy / The Black Market / Queen Elizabeth perfumes & face powder,A prominent local cinema feature highlighting actor Emad Hamdy paired with a cosmetic ad for Queen Elizabeth powder.
ethnayn2_0079.jpeg,Al-ethnayn wa aldonya 2,,,0079_L2,الاثنين 2,Al-Ithnayn 2,مسابقة نابلسي فاروق الجديدة: مجموع جوائزها 100 جنيه - فتاة الروتاري لعام 1950,مسابقة نابلسي فاروق الجديدة: مجموع جوائزها 100 جنيه - فتاة الروتاري لعام 1950,A corporate promotional sweepstakes announcement by Nabulsi Farouk Soap along with a civic profile.
ethnayn2_0080.jpeg,Al-ethnayn wa aldonya 2,,,0080_L2,الاثنين 2,Al-Ithnayn 2,ما تقولش لحد.. استوديو سليم (40 شارع قصر النيل) للتصوير الفوتوغرافي في مصر - الأستاذ مصطفى سليم,Don't tell anyone... Studio Selim (40 Qasr El-Nil Street) for photography in Egypt / Professor Mostafa Selim,A commercial photography studio display ad promoting specialized artistic portrait services by Mostafa Selim.
ethnayn2_0081.jpeg,Al-ethnayn wa aldonya 2,,,0081_L2,الاثنين 2,Al-Ithnayn 2,يجتذب المرأة,Attracts women / Appeal to women,A lifestyle column sociological essay or behavioral critique analyzing mid-century courtship trends.
ethnayn2_0082.jpeg,Al-ethnayn wa aldonya 2,,,0082_L2,الاثنين 2,Al-Ithnayn 2,مع أميرتنا الإمبراطورية في طهران,With our Imperial Princess in Tehran.,A high-profile diplomatic photojournalism feature documenting the royal social activities of Empress Soraya in Tehran.
ethnayn2_0083.jpeg,Al-ethnayn wa aldonya 2,,,0083_L2,ابنتي,My Daughter,قصة واقعية بقلم الأستاذ سليم اللوزي,A true story written by Professor Salim Al-Lawzi,A dramatic social narrative exploring themes of fatherhood family responsibility and regret.
ethnayn2_0084.jpeg,Al-ethnayn wa aldonya 2,,,0084_L2,الاثنين 2,Al-Ithnayn 2,طائرة ألمانية تنفجر: أصيبت بمدافع بريطانية وسجلت صورتها كاميرا طائرة القتال,A German plane explodes: hit by British anti-aircraft guns and recorded by a fighter plane's camera,A wartime photojournalism piece capturing the technical and military details of an aerial combat explosion.
ethnayn2_0085.jpeg,Al-ethnayn wa aldonya 2,,,0085_L2,الديكتاتورية,Dictatorship,الرجل الديمقراطية، أمريكا تضع سيفها في الميزان,The democratic man / America puts its sword on the scale,An analytical political essay assessing global governance models military balance and foreign policy.
ethnayn2_0086.jpeg,Al-ethnayn wa aldonya 2,,,0086_L2,الاثنين 2,Al-Ithnayn 2,انهضوا بالعمودة.. تنهض القرية,Revive leadership / infrastructure... and the village will rise.,A civic development and social reform report focusing on rural engineering and local administration.
ethnayn2_0087.jpeg,Al-ethnayn wa aldonya 2,,,0087_L2,الاثنين 2,Al-Ithnayn 2,صابون نابلسي فاروق ملك الصابون (مصنع شاهين - 84 شارع الأزهر) - المطربة سميرة وصفي تنشر صورتها,Nabulsi Farouk Soap King of Soap (Shaheen Factory) / Popular singer Samira Wasfi publishes her portrait,A prominent display ad for Nabulsi Farouk soap paired with a promotional feature for singer Samira Wasfi.
ethnayn2_0089.jpeg,Al-ethnayn wa aldonya 2,,,0089_L2,الاثنين 2,Al-Ithnayn 2,كل شيء بين الاثنين - أرشيف الاثنين,Everything between Al-Ithnayn / Al-Ithnayn Archive,A historical reflection index compiling curated cultural snapshots from the magazine's archives.
ethnayn2_0090.jpeg,Al-ethnayn wa aldonya 2,,,0090_L2,الاثنين 2,Al-Ithnayn 2,من صور الماضي - أحمد الألفي عطية,From pictures of the past featuring Ahmed Al-Alfi Atiya,A historical retro-profile documenting mid-century social figures and traditional lifestyles.
ethnayn2_0091.jpeg,Al-ethnayn wa aldonya 2,,,0091_L2,أسرار الأسبوع,Secrets of the Week,الوزارة على كف عفريت,The ministry is on the horns of a dilemma / in an unstable position.,A political gossip and news analysis piece tracking internal cabinet instability.
ethnayn2_0092.jpeg,Al-ethnayn wa aldonya 2,,,0092_L2,لا يعجبني في أبي,What I Dislike About My Father,بقلم الآنسة بثينة عباس العقاد - أحدث صورة للآنسة بثينة,Written by Ms. Bothaina Abbas El-Akkad / Latest photo of Ms. Bothaina,A personal socio-cultural essay written by Bothaina El-Akkad niece of the famous writer Abbas El-Akkad.
ethnayn2_0093.jpeg,Al-ethnayn wa aldonya 2,,,0093_L2,حسان هوليوود,Hollywood Beauties,التسعيرة: لوريتا يونج، ليندا دارنيل، جوان كراوفورد، فرجينا مايو، جين رسل، لانا تيرنر، إليزابيث تيلور,The Price List: Loretta Young Linda Darnell Joan Crawford...,A Hollywood celebrity feature evaluating star metrics and mid-century cinema icons like Elizabeth Taylor.
ethnayn2_0094.jpeg,Al-ethnayn wa aldonya 2,,,0094_L2,بريد القلوب,Hearts Mail,ألماس الآلة الناسجة - شركة ستاندرد ستيشنري - سكك حديد وتلغرافات وتليفونات الحكومة المصرية (دليل الأقاليم 1950),The weaver machine's diamond / Standard Stationery Company / Egyptian Gov Railways,A mixed layout combining consumer advice columns with industrial stationery and state transit guide ads.
ethnayn2_0095.jpeg,Al-ethnayn wa aldonya 2,,,0095_L2,من الناس من يتوقف,Some People Rest,نجاحه على قوة حنجرته ويعود الفضل إلى صوته.. السيد محمد الطوخي (3 ميدان الملكة فريدة),His success relies on his throat... Mr. Mohamed Al-Toukhy,A biographical or profile piece highlighting commercial voice or broadcasting talents like Mohamed Al-Toukhy.
ethnayn2_0096.jpeg,Al-ethnayn wa aldonya 2,,,0096_L2,أخلاقهم من صورهم,Their Morals from Their Pictures,أخلاقهم من صورهم,Their morals from their pictures.,A physiognomy or psychological analysis article decoding personalities via mid-century portraits.
ethnayn2_0097.jpeg,Al-ethnayn wa aldonya 2,,,0097_L2,الاثنين 2,Al-Ithnayn 2,الأسبوع الثاني بنجاح كبير بسينما رويال بالقاهرة: طريق الشكوك - تمثيل وإخراج حسين صدقي,An 2nd week of huge success at Royal Cinema: The Path of Doubts / Directed by Hussein Sedqi,"A cinema promotional display announcement celebrating the movie ""Tariq Al-Shukook"" by Hussein Sedqi."
ethnayn2_0098.jpeg,Al-ethnayn wa aldonya 2,,,0098_L2,الاثنين,Al-Ithnayn,الاثنين تهدي الشباب إلى طريق النجاح - روكفلر الخامل الذي أخجل العباقرة,Al-Ithnayn guides youth to success / Rockefeller: the idle who shamed geniuses,An inspirational and educational biography feature outlining Rockefeller's historical rise.
ethnayn2_0099.jpeg,Al-ethnayn wa aldonya 2,,,0099_L2,الاثنين 2,Al-Ithnayn 2,صورة من الشرق - صورة الغلاف,A picture from the East / Cover Photo,A cultural landscape photojournalism feature documenting Eastern imagery or global geography.
ethnayn2_0100.jpeg,Al-ethnayn wa aldonya 2,,,0100_L2,الاثنين,Al-Ithnayn,العدد 826 - الثمن 20,Issue 826 - Price 20,The baseline cataloging documentation block tracking pricing and issue codes.
ethnayn2_0101.jpeg,Al-ethnayn wa aldonya 2,,,0101_L2,الاثنين,Al-Ithnayn,ستحصل على غذاء أوفر بنقودك إن استعملت كويكر أوتس اللذيذ - غرب تقليد ثم الحريق في شم النسيم,You get more nutrition for your money with Quaker Oats / Sham El-Nessim features,A promotional page combining lifestyle texts on Sham El-Nessim with an ad for Quaker Oats.
ethnayn2_0102.jpeg,Al-ethnayn wa aldonya 2,,,0102_L2,مفاجأة,Surprise,اقرأ تفاصيل اللهاف في العدد القادم الاثنين - مصوغات الاستوديوهات والكواكب تطلب من مصوغات الجمل,Read the details in the next issue of Al-Ithnayn / Studio jewelry from Al-Gamel,A promotional marketing announcement teasing an upcoming dynamic feature article alongside jewelry ads.
ethnayn2_0103.jpeg,Al-ethnayn wa aldonya 2,,,0103_L2,الاثنين,Al-Ithnayn,كتاب وصفات الكعك مجاناً (خميرة رويال) - إن كنت مصاباً بالإمساك فتناول حبوب كارتر,Free cake recipe book (Royal Baking Powder) / Carter's pills for constipation,A domestic consumer ad page grouping baking utilities with pharmaceutical relief products.
ethnayn2_0104.jpeg,Al-ethnayn wa aldonya 2,,,0104_L2,أهلاً وسهلًا,Welcome,الطرق الجوية البريطانية تضع بطائرتها السريعة معرض الصناعات البريطانية - سافر بطائرة BOAC - مدام شارل بوبيه (أحمر الشفاه تانجي),British Airways hosts the British Industries Exhibition / Mary Queen / Tangie Lipstick,An international commercial travel ad by BOAC airlines alongside a cosmetics ad for Tangie lipstick.
ethnayn2_0105.jpeg,Al-ethnayn wa aldonya 2,,,0105_L2,الاثنين,Al-Ithnayn,ثلاثة محطات الحب في كل قلب,Three stations of love in every heart.,A creative literary essay or psychological column dissecting relationships and emotional cycles.
ethnayn2_0106.jpeg,Al-ethnayn wa aldonya 2,,,0106_L2,مسرع صحفي,Press Tragedy / Scoop,إن القدر لم يخطئ ولكن الصحفي النشيط هو الذي أخطأ فهم القدر - اشرب كوكاكولا للحظة المنعشة,Fate didn't err the active journalist misunderstood fate / Drink Coca-Cola,A media-focused narrative tracking investigative journalism errors paired with a Coca-Cola ad.
ethnayn2_0107.jpeg,Al-ethnayn wa aldonya 2,,,0107_L2,معلش يا زهر,Nevermind Rose / Dice,معلش يا زهر - إخراج بركات مع سراج منير,Nevermind Dice - Directed by Barakat starring Seraj Mounir,A local theatrical or cinema showcase highlighting a classic film by director Henry Barakat.
ethnayn2_0108.jpeg,Al-ethnayn wa aldonya 2,,,0108_L2,ربيعيات,Spring Notes / Rhythms,ربيعيات بقلم الدكتور حسين مؤنس,Spring Notes written by Dr. Hussein Mounis,A seasonal literary reflection or environmental commentary written by intellectual Dr. Hussein Mounis.
ethnayn2_0109.jpeg,Al-ethnayn wa aldonya 2,,,0109_L2,الاثنين,Al-Ithnayn,علاقة في سبيل صاحبة الجلالة - شم النسيم مقبل اليوم الذي ننسى فيه جميعاً متاعبنا بمساعدة الطبيعة,"An affair for Her Majesty / ""Sham El-Nessim is here... we forget our troubles via nature""",A high-density cultural feature tracking spring holiday rituals alongside a health text for Asiro.
ethnayn2_0110.jpeg,Al-ethnayn wa aldonya 2,,,0110_L2,قضاء وقدر,Fate and Destiny,قصة بوليسية للكاتبة أجاثا كريستي - حالياً بنجاح ساحق بآسيا: هذه إخبا أبي,"A detective story by Agatha Christie / ""Currently a smashing success in Asia...""",A literary translation section publishing Agatha Christie pieces alongside movie promotional texts.
ethnayn2_0111.jpeg,Al-ethnayn wa aldonya 2,,,0111_L2,أوطان الجمال,Homes of Beauty,أوطان الجمال,Homes of Beauty.,A visual landscape or travel photography layout capturing international architectural landmarks.
ethnayn2_0112.jpeg,Al-ethnayn wa aldonya 2,,,0112_L2,خاطف الأطفال,The Child Snatcher,سنتال شهادة عالية - مدارس المراسلات المصرية - الهلال يحتوي على كل شيق وطريف - مصوغات الجمل,Centale High Degree / Egyptian Correspondence Schools / Al-Hilal Magazine,A high-density educational and media directory page promoting vocational courses and Al-Gamel retail.
ethnayn2_0113.jpeg,Al-ethnayn wa aldonya 2,,,0113_L2,شركة ستاندارد,Standard Company,شركة ستاندارد الكاتريك المصرية - راديو ريموند الكاتريك (راديو الصالونات الفاخرة),Egyptian Standard Katrik Co. / Raymond Katrik Salon Radios,A home appliance commercial advertisement highlighting luxury imported European radio consoles.
ethnayn2_0114.jpeg,Al-ethnayn wa aldonya 2,,,0114_L2,10 نساء لزعامة العالم,Ten Women for Global Leadership,عشر نساء لزعامة العالم,Ten women for global leadership.,A progressive socio-political global report profiling influential mid-century women leaders.
ethnayn2_0115.jpeg,Al-ethnayn wa aldonya 2,,,0115_L2,فتاة الأدغال,The Jungle Girl,تعاقد المنتج الإنجليزي آرثر رانك مع النجمة نعيمة عاكف على تمثيل فيلم في أدغال أفريقيا,British producer Arthur Rank contracted star Naima Akef for a movie in the African jungle,An entertainment industry announcement detailing a global cinematic project starring Egyptian dancer Naima Akef.
ethnayn2_0116.jpeg,Al-ethnayn wa aldonya 2,,,0116_L2,فوران النجوم,Star Effervescence,فوران النجوم,Star Effervescence,A pop culture or media commentary column tracking mid-century celebrity rumors and public profiles.
ethnayn2_0117.jpeg,Al-ethnayn wa aldonya 2,,,0117_L2,اختبر ذكاءك,Test Your Intelligence,[unclear],[unclear],A community activity layout containing logic puzzles riddles and brain teasers.
ethnayn2_0118.jpeg,Al-ethnayn wa aldonya 2,,,0118_L2,الاثنين 2,Al-Ithnayn 2,الأبلة الناظرة بريشة أطفالها,The Headmistress Drawn by Her Students,A local arts feature displaying creative portrait submissions drawn by elementary school students.
ethnayn2_0119.jpeg,Al-ethnayn wa aldonya 2,,,0119_L2,الاثنين 2,Al-Ithnayn 2,لماذا أنشأنا دار كفالة الطفل,Why we established the Child Care Home,A philanthropic overview or institutional address mapping child welfare frameworks.
ethnayn2_0120.jpeg,Al-ethnayn wa aldonya 2,,,0120_L2,الاثنين 2,Al-Ithnayn 2,مسابقة الجمال للأطفال الصغار ولا الكبار,Beauty competition for young children not adults,A dynamic layout collecting children's portraits for a reader-voted national lifestyle sweepstakes.
ethnayn2_0121.jpeg,Al-ethnayn wa aldonya 2,,,0121_L2,الاثنين 2,Al-Ithnayn 2,الورق لا يكذب,Paper does not lie,An analytical or critical investigative report inspecting state bureaucracy legal contracts or archives.
ethnayn2_0122.jpeg,Al-ethnayn wa aldonya 2,,,0122_L2,الاثنين 2,Al-Ithnayn 2,عامل البياض: تحب نبيضها بأي لون يا عزام باشا؟ بياض إيه يا عم احنا مشغولين بنقل الأساس.. ربنا ياخد بإيدينا,The painter: What color do you want it Azzam Pasha? / We are busy moving furniture,A sharp political cartoon satire tracking structural adjustments or ministerial re-allocations.
ethnayn2_0123.jpeg,Al-ethnayn wa aldonya 2,,,0123_L2,الاثنين 2,Al-Ithnayn 2,مع أطباء الغد في يوم الطب,With tomorrow's doctors on Medicine Day,A descriptive layout reporting on university medical student speeches delivered on Medicine Day.
ethnayn2_0124.jpeg,Al-ethnayn wa aldonya 2,,,0124_L2,الاثنين 2,Al-Ithnayn 2,فكاهات شغل ربيع - الجمال الدقيق: أركاديا - أسياخ لحام، ألواح ألومنيوم، ألواح النحاس أصفر لشركة رياض الهندية - كويكر أوتس,Spring work humor / Arcadia / Welding rods and industrial metals by Riad Indian Co. / Quaker Oats,A mixed page grouping urban jokes text with heavy commercial displays for Riad Indian metals and Quaker Oats.
ethnayn2_0125.jpeg,Al-ethnayn wa aldonya 2,,,0125_L2,الاثنين 2,Al-Ithnayn 2,في كل مكان: اير فرانس - وزارة المعارف العمومية: إعلان المراقبة العامة للموسيقى والأناشيد - عدد مايو من الكواكب,Everyphone Air France / Ministry of Education music notice / May issue of Al-Kawakib magazine,A public corporate framework update from the Ministry of Education alongside flight ads for Air France.
ethnayn2_0126.jpeg,Al-ethnayn wa aldonya 2,,,0126_L2,الاثنين 2,Al-Ithnayn 2,روح اليازجي تؤلف قصيدة - اجعل هديتك زجاجة من رائعة فلور دامور - زامبوك,"Al-Yaziji's soul composes a poem / ""Make your gift a bottle of fine Fleur d'Amour"" / Zambuk",A modern literary poetry critique layout integrated with imported product ads for Fleur d'Amour and Zambuk.
ethnayn2_0127.jpeg,Al-ethnayn wa aldonya 2,,,0127_L2,الاثنين 2,Al-Ithnayn 2,قصة سينمائية: القدر,A cinematic story: Fate / Destiny,A narrative script summary or contemporary review exploring classic cinematic storytelling and screenwriting.
ethnayn2_0128.jpeg,Al-ethnayn wa aldonya 2,,,0128_L2,الاثنين 2,Al-Ithnayn 2,غضبت الشرير: قصة من السودان - أطنان من أحسن السكر المصري المكرر - مصانع تعبئة كوكاكولا (سيكو),The villain's anger: A story from Sudan / Refined Egyptian sugar / Coca-Cola bottling factories (Sico),A regional folklore story from Sudan published alongside local commercial ads for Egyptian sugar and Sico Coca-Cola lines.
ethnayn2_0129.jpeg,Al-ethnayn wa aldonya 2,,,0129_L2,الاثنين 2,Al-Ithnayn 2,من الرصيف إلى الصالون الملكي في 20 عام,From the sidewalk to the royal salon in 20 years.,A socio-economic narrative biography charting a prominent local figure's long career climb and success.
ethnayn2_0130.jpeg,Al-ethnayn wa aldonya 2,,,0130_L2,الاثنين 2,Al-Ithnayn 2,دَخِّن كما تشاء على شرط أن تدخن سجاير جيدة: سجاير كيريازي (سجاير إخوان كيريازي),Smoke as you wish provided you smoke fine cigarettes: Kiriazi (Kiriazi Brothers Cigarettes),A display commercial product advertisement highlighting the premium tobacco blends manufactured by the Kiriazi Brothers.
ethnayn2_0131.jpeg,Al-ethnayn wa aldonya 2,,,0131_L2,الاثنين 2,Al-Ithnayn 2,العدد 827 - كوكب بارمونت,Issue 827 / Paramount Planet,The structural documentation block archiving baseline publication codes and weekly cinema listings for Paramount.
ethnayn2_0132.jpeg,Al-ethnayn wa aldonya 2,,,0132_L2,الاثنين 2,Al-Ithnayn 2,درويش أفندي,Darwish Effendi,"A lighthearted short story urban profile or satirical narrative analyzing the contemporary lifestyle of an Egyptian ""Effendi""."
ethnayn2_0133.jpeg,Al-ethnayn wa aldonya 2,,,0133_L2,الاثنين 2,Al-Ithnayn 2,كتكوت بين فرخين - جون بول: الكتكوت ده بتاعي عشان أنا اللي وضعت البيضة.. العم سام: لا يا حبيبي ما تنسيش أنا اللي رقدت على البيضة,A chick between two hens / Uncle Sam caricature on international egg hatching policy,A sharp political international relations caricature commenting on post-war geopolitical control using satirical avian terms.
ethnayn2_0134.jpeg,Al-ethnayn wa aldonya 2,,,0134_L2,الاثنين 2,Al-Ithnayn 2,مجرمون فنانون: قد يخرج القاتل أحياناً عن نطاق الجريمة ليكون فناً - النجفة: الزخارف الأساسية لمنزلك عند جاتينيو الاخصائي,Artistic Criminals: A killer might step into fine art / Gattegno: The specialist in fine home chandeliers,A cultural essay on crime psychology and literature grouped with a luxury home interior ad for Gattegno custom chandeliers.
ethnayn2_0134.jpeg,Al-ethnayn wa aldonya 2,,,0134_L2_alt,الاثنين 2,Al-Ithnayn 2,الأميس: الآلة الناسخة موديل 10 أم,Amis: The copying machine model 10M.,A technical commercial product announcement detailing the operational capabilities of the Amis 10M copying machine.
ethnayn2_0135.jpeg,Al-ethnayn wa aldonya 2,,,0135_L2,الاثنين 2,Al-Ithnayn 2,قناع الحلم,The Dream Mask,A fictional piece poetic narrative or romantic theater script tracking human relationships and inner thoughts.
ethnayn2_0136.jpeg,Al-ethnayn wa aldonya 2,,,0136_L2,الاثنين 2,Al-Ithnayn 2,ما كانش على البال - إخراج حسن رمزي: رقّية إبراهيم، كمال الشناوي (حالياً بالسينما) - دواليس الفهارس والسجلات (آرت ميتال) - بيرومايند,It wasn't on the mind directed by Hassan Ramzi starring Raqiya Ibrahim & Kamal El-Shennawi / Art Metal,A cinema premiere display ad for Hassan Ramzi's movie paired with office furniture ads for Art Metal and Pyromind.
ethnayn2_0137.jpeg,Al-ethnayn wa aldonya 2,,,0137_L2,الاثنين 2,Al-Ithnayn 2,بالهابون تحت الرش - أم تستقبل طفلها,With Habon under the spray / A mother receiving her child,A human-interest photojournalism or family lifestyle layout evaluating child-rearing and modern parenting routines.
ethnayn2_0138.jpeg,Al-ethnayn wa aldonya 2,,,0138_L2,الاثنين 2,Al-Ithnayn 2,أبو الهوى امرأة,The Sphinx is a woman.,An archeological curiosity historical revisionist essay or creative critique discussing local ancient icons.
ethnayn2_0139.jpeg,Al-ethnayn wa aldonya 2,,,0139_L2,الاثنين 2,Al-Ithnayn 2,تسعير الجمال - الجمال الكامل,The pricing of beauty / Total Beauty,A lifestyle critique essay evaluating industrial cosmetics fashion updates and contemporary definitions of beauty.
ethnayn2_0140.jpeg,Al-ethnayn wa aldonya 2,,,0140_L2,الاثنين 2,Al-Ithnayn 2,حيوانات مفكرة,Thinking Animals / Intelligent Beasts,A scientific curiosity report tracking international zoological experiments on animal intelligence and neural sensory traits.
ethnayn2_0141.jpeg,Al-ethnayn wa aldonya 2,,,0141_L2,الاثنين 2,Al-Ithnayn 2,رجل الغد,The Man of Tomorrow,An inspirational future-oriented editorial text or sociological critique mapping out traits needed for the youth's path.
ethnayn2_0142.jpeg,Al-ethnayn wa aldonya 2,,,0142_L2,الاثنين 2,Al-Ithnayn 2,كلام وحديث: في دنيا الحيوان.. القرد: قلت لك 50 مرة ما تبقاش تهزر معايا قدام العيال,"Talk and chat: In the animal world / The monkey: ""I told you fifty times not to joke around in front of the kids.""",A satirical comic panel or light urban layout utilizing voiceovers for animals to deliver sharp societal and marital humor.
ethnayn2_0143.jpeg,Al-ethnayn wa aldonya 2,,,0143_L2,الاثنين 2,Al-Ithnayn 2,كل شيء: عزيزتي في شرق الأردن - أرشيف健全 الاثنين من الشرق الدكتور محمد صلاح الدين,Everything: My dear in East Jordan / Al-Ithnayn Archive from the East by Dr. Mohamed Salah El-Din,A diplomatic and cultural archive update tracking trans-Jordanian socio-political current affairs by Dr. Mohamed Salah El-Din.
ethnayn2_0144.jpeg,Al-ethnayn wa aldonya 2,,,0144_L2,الاثنين 2,Al-Ithnayn 2,في شم النسيم خلق الزمان,During Sham El-Nessim time was created.,A rich national holiday historical feature analyzing the roots and cultural inheritance of Egyptian Sham El-Nessim traditions.
ethnayn2_0145.jpeg,Al-ethnayn wa aldonya 2,,,0145_L2,الاثنين 2,Al-Ithnayn 2,احتفظوا بكوبونات نابلسي فاروق - الطرق الجوية البريطانية تقطع وقت السفر إلى القارات الست.. سافر بطائرات BOAC,Keep Nabulsi Farouk coupons / British Airways cuts travel time to six continents... fly BOAC,A corporate marketing campaign for Nabulsi Farouk soap paired with a prominent aviation travel ad for BOAC lines.
ethnayn2_0146.jpeg,Al-ethnayn wa aldonya 2,,,0146_L2,الاثنين 2,Al-Ithnayn 2,حكاية وشخصية,A Tale and a Character,A weekly human-interest column profiling extraordinary community figures artistic life choices or short story scripts.
ethnayn2_0147.jpeg,Al-ethnayn wa aldonya 2,,,0147_L2,الاثنين 2,Al-Ithnayn 2,بين السيارة والموتورجل - وصفات لعمل الكعكة والحلوى.. هذا الكتاب مجاناً (خميرة رويال) - زهرة كولمان - سكرييب,Between the car and the motorcycle / Royal Baking Powder recipe book for cakes / Coleman Flower / Scribe Ink,A diverse household display ad page offering free baking manuals from Royal alongside laundry notices for Coleman and Scribe ink.
ethnayn2_0148.jpeg,Al-ethnayn wa aldonya 2,,,0148_L2,الاثنين والدنيا,Al-Ithnayn Wal-Dunya,العدد 821 - صورة من الأرشيف,Issue 821 / Photo from the Archive,The tracking and issue numbering block archiving historical imagery and week-to-week system metadata.
ethnayn2_0149.jpeg,Al-ethnayn wa aldonya 2,,,0149_L2,الاثنين 2,Al-Ithnayn 2,المرحوم إسماعيل محمد المهدي الحناوي - صابون تمارا صديق للبشرة,The late Ismail Mohamed Al-Mahdi Al-Hinnawi / Tamara Soap is a friend to the skin,A commemorative obituary profile dedicated to Ismail Al-Hinnawi published with a display commercial ad for Tamara soap.
ethnayn2_0150.jpeg,Al-ethnayn wa aldonya 2,,,0150_L2,خفايا الدنيا,Hidden Secrets of the World,تأليف الأستاذ إبراهيم رمزي - إخراج إبراهيم لاما - توزيع ناهس فيلم,Written by Ibrahim Ramzi / Directed by Ibrahim Lama / Distributed by Nahas Film,A comprehensive cinematic display advertisement promoting the premiere of Ibrahim Lama's latest movie production.
ethnayn2_0151.jpeg,Al-ethnayn wa aldonya 2,,,0151_L2,الاثنين والدنيا,Al-Ithnayn Wal-Dunya,يا نصيب الاثنين المجاني.. على كف عفريت,Al-Ithnayn's free lottery... on the hand of a Djinn / highly unstable,A reader promotional distribution page running the latest sweepstakes results paired with sharp civic opinion texts.
ethnayn2_0152.jpeg,Al-ethnayn wa aldonya 2,,,0152_L2,الاثنين 2,Al-Ithnayn 2,يضحك لك العالم,The World Laughs with You,A lighthearted leisure section collecting international jokes foreign urban humor translations and satirical caricatures.
ethnayn2_0153.jpeg,Al-ethnayn wa aldonya 2,,,0153_L2,الاثنين 2,Al-Ithnayn 2,ثلاث قواعد بسيطة للاسنان السليمة: ويزدوم - أحسن الأصباغ لمسح الأحذية: كيوي,Three simple rules for healthy teeth: Wisdom / The finest shoe polish: Kiwi,A dental hygiene educational page sponsored by Wisdom toothbrushes published alongside an ad for Kiwi shoe polish.
ethnayn2_0154.jpeg,Al-ethnayn wa aldonya 2,,,0154_L2,الاثنين 2,Al-Ithnayn 2,استعادة النشاط وتجديد الفرد: فاتبس - تخلص من الروماتيزم وأنت نائم: سيتكس,"Restoring activity and renewing the individual: Phatebs / ""Get rid of rheumatism while you sleep: Citex""",A wellness and pharmaceutical advertisement block promoting Phatebs therapeutic tonics and its patches for joint pains.
ethnayn2_0155.jpeg,Al-ethnayn wa aldonya 2,,,0155_L2,عدالة السماء,Heaven's Justice,حدث ذات يوم: بينما تعمى أبصار المجرمين تكون عينا العدالة الإلهية بالمرصاد - اللحظة المنعشة: كوكاكولا,"It happened one day: God's justice watches / ""The refreshing moment: Coca-Cola""",A creative moral narrative tracing divine justice over crime networks paired with a display ad for Coca-Cola.
ethnayn2_0156.jpeg,Al-ethnayn wa aldonya 2,,,0156_L2,الاثنين 2,Al-Ithnayn 2,صور مسرحية,Theatrical Photos / Scenes,A cultural stage photography feature capturing live visual moments from major local mid-century theater plays.
ethnayn2_0157.jpeg,Al-ethnayn wa aldonya 2,,,0157_L2,الاثنين 2,Al-Ithnayn 2,مرض اليوم للدكتور عبد القادر إسماعيل,The Disease of the Day written by Dr. Abdel Qader Ismail,A diagnostic public healthcare advice column detailing seasonal illnesses authored by prominent local physician Dr. Abdel Qader Ismail.
ethnayn2_0158.jpeg,Al-ethnayn wa aldonya 2,,,0158_L2,الاثنين 2,Al-Ithnayn 2,هيا لرياضة الصباح,Let's do morning exercises!,A physical fitness and healthy living article layout illustrating step-by-step calisthenics for the daily routine.
ethnayn2_0159.jpeg,Al-ethnayn wa aldonya 2,,,0159_L2,الاثنين 2,Al-Ithnayn 2,عجائب البحر للأستاذ خليل مطران,Wonders of the Sea by Professor Khalil Mutran,A profound cultural or poetic environmental commentary layout exploring marine life composed by the great poet Khalil Mutran.
ethnayn2_0160.jpeg,Al-ethnayn wa aldonya 2,,,0160_L2,الاثنين 2,Al-Ithnayn 2,زورو محلاتنا، قارنو أسعارنا، ستشترو بضاعتنا ابتداءً من الاثنين 3 أبريل ولمدة اسبوع واحد فقط فرصة عظيمة تنزيل هائل,Visit our stores compare prices... starting Monday April 3rd for one week only: Huge Clearance,A premium seasonal retail clearance sale display advertisement listing clearance codes.
ethnayn2_0161.jpeg,Al-ethnayn wa aldonya 2,,,0161_L2,الاثنين 2,Al-Ithnayn 2,في العدد القادم: مفاجأة سارة تطالعك بها الاثنين,In the upcoming issue: A pleasant surprise awaits you in Al-Ithnayn.,A strategic marketing editorial column previewing special upcoming features and exclusive text releases for subscribers.
ethnayn2_0162.jpeg,Al-ethnayn wa aldonya 2,,,0162_L2,الاثنين 2,Al-Ithnayn 2,بريد القراء - نبأ سار لربات البيوت: خفض سعر روضة المصنوع بأحدث الطرق العلمية إلى 4.5 القطعة نصف رطل.. مصانع نقولا كحلبك,"Readers' mail / ""Good news for housewives: price drop for Rowda soap to 4.5"" / Nikola Kahla-Bey Co.",A local consumer manufacture advertisement updating housewives on product clearances for Nikola Kahla-Bey soaps.
ethnayn2_0163.jpeg,Al-ethnayn wa aldonya 2,,,0163_L2,الاثنين 2,Al-Ithnayn 2,الإفطار: كويكر كوكينج يمنح الأطفال بنية نامية قوية.. غذاء الطبيعة العجيب - احتفظوا بكوبونات نابلسي فاروق,"Breakfast: ""Quaker Cooking gives children a strong growth structure... Nature's wonder food"" / Nabulsi Farouk coupons",A household nutrition ad explaining early childhood benefits of Quaker cooking oats paired with soap reward coupons.
ethnayn2_0163.jpeg,Al-ethnayn wa aldonya 2,,,0163_L2_alt,الاثنين 2,Al-Ithnayn 2,الساعة المضمونة تجدها عند ماركو روزنبيرج - فرشاة الأسنان الجديدة: هليكس,The guaranteed watch is found at Marco Rosenberg / The new toothbrush: Helix,A precision retail ad promoting Rosenberg watches and Helix innovative dental product lines.
ethnayn2_0165.jpeg,Al-ethnayn wa aldonya 2,,,0165_L2,الاثنين 2,Al-Ithnayn 2,ثلاثة توائم وثلاثة سمكات,Three Twins and Three Fish,An eccentric international human-interest news feature compiling rare environmental trivia and life anomalies.
ethnayn2_0166.jpeg,Al-ethnayn wa aldonya 2,,,0166_L2,الاثنين والدنيا,Al-Ithnayn Wal-Dunya,20 مليمًا,20 Milliemes,The price documentation and cataloging field tracking weekly purchase system metadata.
ethnayn2_0167.jpeg,Al-ethnayn wa aldonya 2,,,0167_L2,الاثنين 2,Al-Ithnayn 2,هل أنت أناني؟ للأستاذ محمد فؤاد - آلام الظهر: ها هو ذا الآلام فأين سلوان؟ سلون أبو شنب صديق المصريين المجرب,Are you selfish? by Mohamed Foyad / Back pain relief ad for Salon Abu Shanab the tried friend,A socio-behavioral critique piece by Mohamed Fouad paired with a medical relief balm ad for Salon Abu Shanab.
ethnayn2_0167.jpeg,Al-ethnayn wa aldonya 2,,,0167_L2_alt,الاثنين 2,Al-Ithnayn 2,أيتها الأمهات الحيارى اهدئن من روعكن.. شركه فتله وصلتها الأغذية الخاصة بالأطفال: نيتوجين، لاكتوجين، لارجون، اليدون,Anxious mothers calm down... Fatla Co. received specialized infant foods: Netogen Lactogen Largon Elidon,A pharmaceutical import announcement notifying families on child milk balances from brands like Lactogen.
ethnayn2_0168.jpeg,Al-ethnayn wa aldonya 2,,,0168_L2,الاثنين والدنيا,Al-Ithnayn Wal-Dunya,شهرزاد 1365,Scheherazade 1365,"The final thematic publication marker indexing the epic theatrical column ""Scheherazade"" with its historical index."
